Entity,Code,Year,Gini coefficient,GC Percentage
United States,USA,1963,3.672.647.476.196.280,"0,19%"
United States,USA,1964,3.737.528.622.150.420,"0,19%"
United States,USA,1965,36.825.403.571.128.800,"1,90%"
United States,USA,1966,37.097.328.901.290.800,"1,92%"
United States,USA,1967,36.874.738.335.609.400,"1,91%"
United Kingdom,GBR,1968,26.842.719.316.482.500,"1,39%"
United States,USA,1968,36.322.668.194.770.800,"1,88%"
United Kingdom,GBR,1969,27.906.060.218.811.000,"1,44%"
United States,USA,1969,36.007.434.129.714.900,"1,86%"
France,FRA,1970,37.147.071.957.588.100,"1,92%"
United Kingdom,GBR,1970,27.965.256.571.769.700,"1,45%"
United States,USA,1970,3.659.282.624.721.520,"0,19%"
Canada,CAN,1971,37.247.592.210.769.600,"1,93%"
United Kingdom,GBR,1971,2.929.450.571.537.010,"0,15%"
United States,USA,1971,3.691.260.516.643.520,"0,19%"
United Kingdom,GBR,1972,287.769.079.208.374,"0,01%"
United States,USA,1972,3.665.730.059.146.880,"0,19%"
Canada,CAN,1973,34.902.581.572.532.600,"1,81%"
United Kingdom,GBR,1973,2.881.145.477.294.920,"0,15%"
United States,USA,1973,3.610.886.335.372.920,"0,19%"
United Kingdom,GBR,1974,28.958.195.447.921.700,"1,50%"
United States,USA,1974,3.547.529.876.232.140,"0,18%"
Canada,CAN,1975,34.087.929.129.600.500,"1,76%"
France,FRA,1975,359.199.583.530.426,"0,02%"
Sweden,SWE,1975,2.428.371.012.210.840,"0,13%"
United Kingdom,GBR,1975,2.788.177.728.652.950,"0,14%"
United States,USA,1975,35.650.530.457.496.600,"1,84%"
United Kingdom,GBR,1976,27.590.376.138.687.100,"1,43%"
United States,USA,1976,35.561.928.153.038.000,"1,84%"
Canada,CAN,1977,3.372.953.534.126.280,"0,17%"
India,IND,1977,29.687.821.865.081.700,"1,54%"
Italy,ITA,1977,34.007.853.269.577.000,"1,76%"
United Kingdom,GBR,1977,2.714.279.890.060.420,"0,14%"
United States,USA,1977,35.498.371.720.314.000,"1,84%"
Italy,ITA,1978,3.327.803.909.778.590,"0,17%"
United Kingdom,GBR,1978,2.723.604.142.665.860,"0,14%"
United States,USA,1978,3.478.134.870.529.170,"0,18%"
Canada,CAN,1979,334.696.501.493.454,"0,02%"
France,FRA,1979,3.404.380.977.153.770,"0,18%"
Israel,ISR,1979,3.633.461.594.581.600,"0,19%"
Italy,ITA,1979,33.262.762.427.330.000,"1,72%"
Norway,NOR,1979,26.894.664.764.404.200,"1,39%"
Panama,PAN,1979,48.740.142.583.847.000,"2,52%"
United Kingdom,GBR,1979,27.433.210.611.343.300,"1,42%"
United States,USA,1979,3.475.940.525.531.760,"0,18%"
Argentina (urban),-,1980,40.830.859.541.893.000,"2,11%"
Colombia (urban),-,1980,5.509.123.802.185.050,"0,28%"
Italy,ITA,1980,32.901.591.062.545.700,"1,70%"
Madagascar,MDG,1980,46.848.633.885.383.600,"2,42%"
Spain,ESP,1980,34.485.122.561.454.700,"1,78%"
United Kingdom,GBR,1980,28.478.676.080.703.700,"1,47%"
United States,USA,1980,34.717.968.106.269.800,"1,80%"
Australia,AUS,1981,31.324.875.354.766.800,"1,62%"
Brazil,BRA,1981,5.786.404.609.680.170,"0,30%"
Canada,CAN,1981,32.963.722.944.259.600,"1,70%"
China,CHN,1981,2.816.409.766.674.040,"0,15%"
China (rural),-,1981,24.729.232.490.062.700,"1,28%"
China (urban),-,1981,18.508.829.176.425.900,"0,96%"
Costa Rica,CRI,1981,47.494.763.135.910.000,"2,46%"
Ethiopia (rural),-,1981,30.980.363.488.197.300,"1,60%"
Italy,ITA,1981,3.157.278.299.331.660,"0,16%"
Sweden,SWE,1981,22.922.419.011.592.800,"1,19%"
Taiwan,TWN,1981,2.997.032.701.969.140,"0,16%"
Thailand,THA,1981,45.216.819.643.974.300,"2,34%"
United Kingdom,GBR,1981,2.968.849.539.756.770,"0,15%"
United States,USA,1981,35.488.295.555.114.700,"1,84%"
Uruguay (urban),-,1981,43.645.426.630.973.800,"2,26%"
Venezuela,VEN,1981,5.560.985.207.557.670,"0,29%"
Brazil,BRA,1982,5.835.609.436.035.150,"0,30%"
Canada,CAN,1982,32.930.412.888.526.900,"1,70%"
Italy,ITA,1982,292.324.423.789.978,"0,02%"
Switzerland,CHE,1982,36.008.158.326.148.900,"1,86%"
United Kingdom,GBR,1982,29.903.993.010.520.900,"1,55%"
United States,USA,1982,3.666.103.482.246.390,"0,19%"
Bangladesh,BGD,1983,2.587.648.928.165.430,"0,13%"
Brazil,BRA,1983,5.890.397.429.466.240,"0,30%"
India,IND,1983,27.203.676.104.545.500,"1,41%"
Italy,ITA,1983,29.766.932.129.859.900,"1,54%"
Netherlands,NLD,1983,28.363.192.081.451.400,"1,47%"
United Kingdom,GBR,1983,2.978.767.454.624.170,"0,15%"
United States,USA,1983,37.292.733.788.490.200,"1,93%"
Brazil,BRA,1984,5.829.911.828.041.070,"0,30%"
Canada,CAN,1984,3.351.815.640.926.360,"0,17%"
China,CHN,1984,2.710.230.052.471.160,"0,14%"
China (rural),-,1984,26.686.128.973.960.800,"1,38%"
China (urban),-,1984,17.744.046.449.661.200,"0,92%"
France,FRA,1984,33.400.264.382.362.300,"1,73%"
Indonesia,IDN,1984,3.230.241.537.094.110,"0,17%"
Italy,ITA,1984,3.133.504.092.693.320,"0,16%"
Malaysia,MYS,1984,48.496.294.021.606.400,"2,51%"
Mexico,MEX,1984,48.527.011.275.291.400,"2,51%"
Morocco,MAR,1984,36.468.908.190.727.200,"1,89%"
Nepal,NPL,1984,3.005.754.053.592.680,"0,16%"
Rwanda (rural),-,1984,288.985.937.833.786,"0,01%"
United Kingdom,GBR,1984,29.167.041.182.518.000,"1,51%"
United States,USA,1984,3.734.532.594.680.780,"0,19%"
Australia,AUS,1985,3.249.746.859.073.630,"0,17%"
Bangladesh,BGD,1985,2.691.749.632.358.550,"0,14%"
Belgium,BEL,1985,2.520.346.939.563.750,"0,13%"
Botswana,BWA,1985,542.120.099.067.688,"0,03%"
Brazil,BRA,1985,5.552.642.345.428.460,"0,29%"
Canada,CAN,1985,33.175.626.397.132.800,"1,72%"
Cote d'Ivoire,CIV,1985,4.552.132.785.320.280,"0,24%"
Luxembourg,LUX,1985,26.294.973.492.622.300,"1,36%"
Nigeria,NGA,1985,38.677.850.365.638.700,"2,00%"
Philippines,PHL,1985,41.037.434.339.523.300,"2,12%"
Poland,POL,1985,25.083.962.082.862.800,"1,30%"
Spain,ESP,1985,3.443.298.935.890.190,"0,18%"
Sri Lanka,LKA,1985,32.467.854.022.979.700,"1,68%"
Tunisia,TUN,1985,4.343.375.861.644.740,"0,22%"
United Kingdom,GBR,1985,3.042.009.472.846.980,"0,16%"
United States,USA,1985,37.641.510.367.393.400,"1,95%"
Argentina (urban),-,1986,427.975.058.555.603,"0,02%"
Brazil,BRA,1986,5.843.289.494.514.460,"0,30%"
Canada,CAN,1986,31.676.018.238.067.600,"1,64%"
Costa Rica,CRI,1986,34.413.251.280.784.600,"1,78%"
Cote d'Ivoire,CIV,1986,37.969.762.086.868.200,"1,96%"
Dominican Republic,DOM,1986,4.778.079.390.525.810,"0,25%"
Guatemala,GTM,1986,541.327.178.478.241,"0,03%"
Honduras (urban),-,1986,5.509.297.847.747.800,"0,28%"
Iran,IRN,1986,47.419.631.481.170.600,"2,45%"
Israel,ISR,1986,3.649.177.551.269.530,"0,19%"
Italy,ITA,1986,3.116.379.976.272.580,"0,16%"
Jordan,JOR,1986,3.606.142.997.741.690,"0,19%"
Lesotho,LSO,1986,5.601.141.452.789.300,"0,29%"
Luxembourg,LUX,1986,28.114.157.915.115.300,"1,45%"
Norway,NOR,1986,24.630.331.993.103.000,"1,27%"
Poland,POL,1986,2.798.512.876.033.780,"0,14%"
Taiwan,TWN,1986,29.709.458.351.135.200,"1,54%"
United Kingdom,GBR,1986,3.192.109.167.575.830,"0,17%"
United States,USA,1986,3.755.713.105.201.720,"0,19%"
Argentina (urban),-,1987,45.267.289.876.937.800,"2,34%"
Brazil,BRA,1987,5.964.314.937.591.550,"0,31%"
Canada,CAN,1987,3.165.365.755.558.010,"0,16%"
Chile,CHL,1987,5.619.359.612.464.900,"0,29%"
China,CHN,1987,2.938.595.712.184.900,"0,15%"
China (rural),-,1987,2.945.106.327.533.720,"0,15%"
China (urban),-,1987,20.129.786.431.789.300,"1,04%"
Cote d'Ivoire,CIV,1987,40.509.116.649.627.600,"2,10%"
Denmark,DNK,1987,2.623.308.002.948.760,"0,14%"
Ecuador (urban),-,1987,5.048.003.792.762.750,"0,26%"
Finland,FIN,1987,2.217.208.296.060.560,"0,11%"
Ghana,GHA,1987,3.534.957.766.532.890,"0,18%"
Hungary,HUN,1987,20.883.092.284.202.500,"1,08%"
India,IND,1987,27.531.003.952.026.300,"1,42%"
Indonesia,IDN,1987,3.041.209.280.490.870,"0,16%"
Ireland,IRL,1987,3.546.723.425.388.330,"0,18%"
Italy,ITA,1987,34.180.355.072.021.400,"1,77%"
Luxembourg,LUX,1987,2.954.881.489.276.880,"0,15%"
Malaysia,MYS,1987,470.418.244.600.296,"0,02%"
Mauritania,MRT,1987,43.938.305.974.006.600,"2,27%"
Netherlands,NLD,1987,26.769.837.737.083.400,"1,38%"
Pakistan,PAK,1987,3.331.645.727.157.590,"0,17%"
Poland,POL,1987,25.525.128.841.400.100,"1,32%"
Slovenia,SVN,1987,2.359.836.995.601.650,"0,12%"
Sweden,SWE,1987,23.058.602.213.859.500,"1,19%"
Turkey,TUR,1987,4.103.412.926.197.050,"0,21%"
United Kingdom,GBR,1987,3.385.562.300.682.060,"0,18%"
United States,USA,1987,3.719.710.111.618.040,"0,19%"
Venezuela,VEN,1987,5.344.796.776.771.540,"0,28%"
Algeria,DZA,1988,37.356.993.556.022.600,"1,93%"
Bangladesh,BGD,1988,2.884.654.700.756.070,"0,15%"
Belgium,BEL,1988,2.571.237.087.249.750,"0,13%"
Brazil,BRA,1988,6.137.229.800.224.300,"0,32%"
Canada,CAN,1988,31.198.540.329.933.100,"1,61%"
Colombia (urban),-,1988,5.310.616.493.225.090,"0,27%"
Cote d'Ivoire,CIV,1988,3.688.628.673.553.460,"0,19%"
Croatia,HRV,1988,22.780.726.850.032.800,"1,18%"
Ghana,GHA,1988,3.599.354.028.701.780,"0,19%"
Jamaica,JAM,1988,4.315.500.855.445.860,"0,22%"
Luxembourg,LUX,1988,2.883.789.539.337.150,"0,15%"
Philippines,PHL,1988,4.074.626.863.002.770,"0,21%"
Thailand,THA,1988,438.385.933.637.619,"0,02%"
Trinidad and Tobago,TTO,1988,42.601.311.206.817.600,"2,20%"
United Kingdom,GBR,1988,3.427.527.844.905.850,"0,18%"
United States,USA,1988,3.770.599.663.257.590,"0,20%"
Australia,AUS,1989,331.531.286.239.624,"0,02%"
Brazil,BRA,1989,6.324.578.523.635.860,"0,33%"
Canada,CAN,1989,310.125.470.161.438,"0,02%"
Colombia (urban),-,1989,5.284.379.720.687.860,"0,27%"
Costa Rica,CRI,1989,4.546.493.887.901.300,"0,24%"
Dominican Republic,DOM,1989,504.481.315.612.793,"0,03%"
El Salvador,SLV,1989,48.709.404.468.536.300,"2,52%"
Guatemala,GTM,1989,5.880.920.886.993.400,"0,30%"
Honduras,HND,1989,5.536.727.905.273.430,"0,29%"
Hungary,HUN,1989,25.047.779.083.251.900,"1,30%"
Italy,ITA,1989,32.107.850.909.233.000,"1,66%"
Luxembourg,LUX,1989,3.081.167.936.325.070,"0,16%"
Malaysia,MYS,1989,46.168.482.303.619.300,"2,39%"
Mexico,MEX,1989,5.010.899.901.390.070,"0,26%"
Panama,PAN,1989,5.854.873.061.180.110,"0,30%"
Poland,POL,1989,2.679.421.305.656.430,"0,14%"
Romania,ROU,1989,23.307.304.084.300.900,"1,21%"
Uganda,UGA,1989,44.362.717.866.897.500,"2,29%"
United Kingdom,GBR,1989,33.355.218.172.073.300,"1,73%"
United States,USA,1989,3.823.886.215.686.790,"0,20%"
Uruguay (urban),-,1989,4.236.907.362.937.920,"0,22%"
Venezuela,VEN,1989,43.775.513.768.196.100,"2,26%"
Bolivia (urban),-,1990,42.035.722.732.543.900,"2,17%"
Brazil,BRA,1990,6.045.087.575.912.470,"0,31%"
Canada,CAN,1990,31.365.910.172.462.400,"1,62%"
Chile,CHL,1990,5.723.575.949.668.880,"0,30%"
China,CHN,1990,32.226.619.124.412.500,"1,67%"
China (rural),-,1990,30.475.813.150.405.800,"1,58%"
China (urban),-,1990,25.594.639.778.137.200,"1,32%"
Costa Rica,CRI,1990,4.521.392.583.847.040,"0,23%"
Egypt,EGY,1990,32.003.939.151.763.900,"1,66%"
France,FRA,1990,32.120.221.853.256.200,"1,66%"
Honduras,HND,1990,559.285.581.111.908,"0,03%"
Indonesia,IDN,1990,3.106.927.275.657.650,"0,16%"
Iran,IRN,1990,43.604.776.263.237,"0,00%"
Jamaica,JAM,1990,41.113.734.245.300.200,"2,13%"
Luxembourg,LUX,1990,2.771.790.623.664.850,"0,14%"
Morocco,MAR,1990,3.920.690.417.289.730,"0,20%"
Netherlands,NLD,1990,3.108.835.220.336.910,"0,16%"
Pakistan,PAK,1990,3.324.797.451.496.120,"0,17%"
Paraguay,PRY,1990,408.372.163.772.583,"0,02%"
Spain,ESP,1990,3.202.354.311.943.050,"0,17%"
Sri Lanka,LKA,1990,3.244.743.347.167.960,"0,17%"
Thailand,THA,1990,45.265.647.768.974.300,"2,34%"
Tunisia,TUN,1990,40.102.237.462.997.400,"2,07%"
United Kingdom,GBR,1990,3.574.407.398.700.710,"0,18%"
United States,USA,1990,3.826.335.072.517.390,"0,20%"
Argentina (urban),-,1991,46.754.273.772.239.600,"2,42%"
Bangladesh,BGD,1991,27.570.804.953.575.100,"1,43%"
Canada,CAN,1991,3.194.330.036.640.160,"0,17%"
Colombia (urban),-,1991,5.131.889.581.680.290,"0,27%"
Costa Rica,CRI,1991,4.655.316.472.053.520,"0,24%"
El Salvador,SLV,1991,537.876.546.382.904,"0,03%"
Finland,FIN,1991,22.880.318.760.871.800,"1,18%"
Germany,DEU,1991,29.299.071.431.159.900,"1,52%"
Ghana,GHA,1991,3.843.171.298.503.870,"0,20%"
Guinea,GIN,1991,4.555.828.869.342.800,"0,24%"
Guinea-Bissau,GNB,1991,5.575.031.042.098.990,"0,29%"
Honduras,HND,1991,5.181.965.231.895.440,"0,27%"
Hungary,HUN,1991,2.962.120.473.384.850,"0,15%"
Italy,ITA,1991,31.051.331.758.499.100,"1,61%"
Luxembourg,LUX,1991,27.176.403.999.328.600,"1,41%"
Norway,NOR,1991,2.522.694.766.521.450,"0,13%"
Panama,PAN,1991,5.797.843.933.105.460,"0,30%"
Philippines,PHL,1991,43.823.549.151.420.500,"2,27%"
Senegal,SEN,1991,540.419.340.133.667,"0,03%"
Taiwan,TWN,1991,2.996.939.718.723.290,"0,15%"
Tanzania,TZA,1991,35.280.752.182.006.800,"1,82%"
United Kingdom,GBR,1991,3.496.496.379.375.450,"0,18%"
United States,USA,1991,38.045.772.910.118.100,"1,97%"
Zambia,ZMB,1991,5.942.023.396.492.000,"0,31%"
Argentina (urban),-,1992,4.545.484.185.218.810,"0,24%"
Belgium,BEL,1992,2.494.633.048.772.810,"0,13%"
Bolivia (urban),-,1992,49.072.396.755.218.500,"2,54%"
Brazil,BRA,1992,5.310.341.715.812.680,"0,27%"
Bulgaria,BGR,1992,30.714.309.215.545.600,"1,59%"
Burundi,BDI,1992,3.333.381.116.390.220,"0,17%"
Canada,CAN,1992,31.564.417.481.422.400,"1,63%"
Central African Republic,CAF,1992,596.851.110.458.374,"0,03%"
Chile,CHL,1992,5.480.666.160.583.490,"0,28%"
Colombia,COL,1992,5.134.726.166.725.150,"0,27%"
Costa Rica,CRI,1992,45.639.222.860.336.300,"2,36%"
Cote d'Ivoire,CIV,1992,3.938.218.653.202.050,"0,20%"
Czechia,CZE,1992,2.070.418.894.290.920,"0,11%"
Denmark,DNK,1992,24.692.438.542.842.800,"1,28%"
Dominican Republic,DOM,1992,5.105.342.268.943.780,"0,26%"
Germany,DEU,1992,2.896.960.973.739.620,"0,15%"
Guyana,GUY,1992,3.946.759.104.728.690,"0,20%"
Honduras,HND,1992,5.180.389.881.134.030,"0,27%"
Israel,ISR,1992,35.508.665.442.466.700,"1,84%"
Jordan,JOR,1992,4.309.958.219.528.190,"0,22%"
Kenya,KEN,1992,5.692.623.853.683.470,"0,29%"
Laos,LAO,1992,3.430.977.463.722.220,"0,18%"
Luxembourg,LUX,1992,27.299.773.693.084.700,"1,41%"
Malaysia,MYS,1992,47.653.722.763.061.500,"2,46%"
Mexico,MEX,1992,5.231.072.306.632.990,"0,27%"
Niger,NER,1992,3.604.249.060.153.960,"0,19%"
Nigeria,NGA,1992,44.922.247.529.029.800,"2,32%"
Poland,POL,1992,2.929.956.316.947.930,"0,15%"
Romania,ROU,1992,25.461.727.380.752.500,"1,32%"
Slovakia,SVK,1992,20.187.310.874.462.100,"1,04%"
Sweden,SWE,1992,2.490.941.286.087.030,"0,13%"
Switzerland,CHE,1992,33.857.250.213.623.000,"1,75%"
Thailand,THA,1992,478.579.580.783.844,"0,02%"
Trinidad and Tobago,TTO,1992,4.018.545.150.756.830,"0,21%"
Uganda,UGA,1992,41.420.978.307.724,"0,00%"
Ukraine,UKR,1992,2.970.883.250.236.510,"0,15%"
United Kingdom,GBR,1992,3.495.655.059.814.450,"0,18%"
United States,USA,1992,38.373.813.033.103.900,"1,98%"
Uruguay (urban),-,1992,4.146.803.617.477.410,"0,21%"
Venezuela,VEN,1992,42.061.281.204.223.600,"2,18%"
Vietnam,VNM,1992,3.565.419.316.291.800,"0,18%"
Argentina (urban),-,1993,44.843.095.541.000.300,"2,32%"
Botswana,BWA,1993,6.014.758.944.511.410,"0,31%"
Brazil,BRA,1993,6.006.689.667.701.720,"0,31%"
Canada,CAN,1993,3.167.570.233.345.030,"0,16%"
China,CHN,1993,33.877.798.914.909.300,"1,75%"
China (rural),-,1993,2.804.392.874.240.870,"0,15%"
China (urban),-,1993,284.663.587.808.609,"0,01%"
Costa Rica,CRI,1993,4.592.636.227.607.720,"0,24%"
Czechia,CZE,1993,265.534.907.579.422,"0,01%"
Estonia,EST,1993,3.942.733.407.020.560,"0,20%"
Germany,DEU,1993,2.841.121.554.374.690,"0,15%"
Guinea-Bissau,GNB,1993,4.360.943.138.599.390,"0,23%"
Honduras,HND,1993,5.344.483.852.386.470,"0,28%"
Hungary,HUN,1993,2.793.830.335.140.220,"0,14%"
India,IND,1993,26.109.811.663.627.600,"1,35%"
Indonesia,IDN,1993,3.175.494.372.844.690,"0,16%"
Italy,ITA,1993,350.867.360.830.307,"0,02%"
Jamaica,JAM,1993,3.567.342.162.132.260,"0,18%"
Kazakhstan,KAZ,1993,32.665.735.483.169.500,"1,69%"
Latvia,LVA,1993,2.699.313.163.757.320,"0,14%"
Lithuania,LTU,1993,331.837.922.334.671,"0,02%"
Luxembourg,LUX,1993,2.704.869.210.720.060,"0,14%"
Madagascar,MDG,1993,45.198.696.851.730.300,"2,34%"
Mauritania,MRT,1993,49.524.375.796.318.000,"2,56%"
Namibia,NAM,1993,710.505.485.534.668,"0,04%"
Netherlands,NLD,1993,30.431.193.113.327.000,"1,57%"
Nicaragua,NIC,1993,5.712.127.685.546.870,"0,30%"
Russia,RUS,1993,4.538.547.694.683.070,"0,23%"
Slovenia,SVN,1993,29.117.780.923.843.300,"1,51%"
South Africa,ZAF,1993,5.933.393.836.021.420,"0,31%"
Spain,ESP,1993,3.565.925.359.725.950,"0,18%"
Ukraine,UKR,1993,2.892.698.347.568.510,"0,15%"
United Kingdom,GBR,1993,35.077.300.667.762.700,"1,81%"
United States,USA,1993,40.365.490.317.344.600,"2,09%"
Zambia,ZMB,1993,525.538.444.519.043,"0,03%"
Argentina (urban),-,1994,45.898.041.129.112.200,"2,37%"
Austria,AUT,1994,308.291.494.846.344,"0,02%"
Burkina Faso,BFA,1994,48.017.555.475.234.900,"2,48%"
Canada,CAN,1994,31.304.290.890.693.600,"1,62%"
Chile,CHL,1994,5.642.126.798.629.760,"0,29%"
Costa Rica,CRI,1994,4.670.184.552.669.520,"0,24%"
Ecuador,ECU,1994,5.333.368.182.182.310,"0,28%"
Eswatini,SWZ,1994,5.871.370.434.761.040,"0,30%"
Germany,DEU,1994,290.790.319.442.749,"0,02%"
Guinea,GIN,1994,46.081.608.533.859.200,"2,38%"
Honduras,HND,1994,5.499.133.467.674.250,"0,28%"
Hungary,HUN,1994,3.328.717.052.936.550,"0,17%"
Iran,IRN,1994,4.299.836.754.798.880,"0,22%"
Ireland,IRL,1994,3.691.566.586.494.440,"0,19%"
Kenya,KEN,1994,4.310.474.395.751.950,"0,22%"
Lesotho,LSO,1994,6.300.601.959.228.510,"0,33%"
Luxembourg,LUX,1994,28.151.386.976.242.000,"1,46%"
Mali,MLI,1994,5.013.055.801.391.600,"0,26%"
Mexico,MEX,1994,5.342.220.664.024.350,"0,28%"
Niger,NER,1994,41.460.487.246.513.300,"2,14%"
Philippines,PHL,1994,4.288.838.803.768.150,"0,22%"
Romania,ROU,1994,28.200.581.669.807.400,"1,46%"
Senegal,SEN,1994,3.924.519.717.693.320,"0,20%"
Spain,ESP,1994,351.047.545.671.463,"0,02%"
Thailand,THA,1994,4.347.021.281.719.200,"0,22%"
Turkey,TUR,1994,4.131.520.092.487.330,"0,21%"
United Kingdom,GBR,1994,35.980.239.510.536.100,"1,86%"
United States,USA,1994,3.998.779.356.479.640,"0,21%"
Algeria,DZA,1995,353.300.541.639.328,"0,02%"
Argentina (urban),-,1995,4.887.809.753.417.960,"0,25%"
Australia,AUS,1995,32.579.341.530.799.800,"1,68%"
Austria,AUT,1995,29.915.526.509.284.900,"1,55%"
Azerbaijan,AZE,1995,34.648.823.738.098.100,"1,79%"
Bangladesh,BGD,1995,32.942.983.508.110.000,"1,70%"
Belgium,BEL,1995,284.113.347.530.365,"0,01%"
Belize,BLZ,1995,5.754.764.676.094.050,"0,30%"
Brazil,BRA,1995,5.953.119.397.163.390,"0,31%"
Canada,CAN,1995,31.509.485.840.797.400,"1,63%"
Costa Rica,CRI,1995,4.565.892.517.566.680,"0,24%"
Cote d'Ivoire,CIV,1995,4.056.382.179.260.250,"0,21%"
Denmark,DNK,1995,22.957.485.914.230.300,"1,19%"
Ecuador (urban),-,1995,5.083.456.635.475.150,"0,26%"
Egypt,EGY,1995,30.082.839.727.401.700,"1,56%"
El Salvador,SLV,1995,49.846.726.655.960.000,"2,58%"
Ethiopia,ETH,1995,44.563.573.598.861.600,"2,30%"
Finland,FIN,1995,2.346.004.992.723.460,"0,12%"
Germany,DEU,1995,2.873.387.038.707.730,"0,15%"
Greece,GRC,1995,36.498.406.529.426.500,"1,89%"
Honduras,HND,1995,5.546.936.988.830.560,"0,29%"
Ireland,IRL,1995,3.704.594.373.703.000,"0,19%"
Italy,ITA,1995,3.521.178.662.776.940,"0,18%"
Latvia,LVA,1995,30.977.484.583.854.600,"1,60%"
Luxembourg,LUX,1995,28.349.825.739.860.500,"1,47%"
Malaysia,MYS,1995,4.852.266.311.645.500,"0,25%"
Mauritania,MRT,1995,3.774.736.225.605.010,"0,20%"
Mongolia,MNG,1995,33.195.340.633.392.300,"1,72%"
Nepal,NPL,1995,3.520.701.825.618.740,"0,18%"
Norway,NOR,1995,2.602.081.298.828.120,"0,13%"
Panama,PAN,1995,5.762.895.345.687.860,"0,30%"
Paraguay,PRY,1995,5.813.904.404.640.190,"0,30%"
Poland,POL,1995,3.460.090.160.369.870,"0,18%"
Romania,ROU,1995,3.116.084.337.234.490,"0,16%"
Saint Lucia,LCA,1995,4.258.438.050.746.910,"0,22%"
Spain,ESP,1995,35.727.888.345.718.300,"1,85%"
Sri Lanka,LKA,1995,3.539.953.827.857.970,"0,18%"
Sweden,SWE,1995,2.523.728.311.061.850,"0,13%"
Taiwan,TWN,1995,31.324.267.387.390.100,"1,62%"
Tunisia,TUN,1995,4.165.729.582.309.720,"0,22%"
Ukraine,UKR,1995,39.231.017.231.941.200,"2,03%"
United Kingdom,GBR,1995,35.517.770.051.956.100,"1,84%"
United States,USA,1995,3.985.598.683.357.230,"0,21%"
Uruguay (urban),-,1995,40.926.340.222.358.700,"2,12%"
Venezuela,VEN,1995,4.716.661.274.433.130,"0,24%"
Albania,ALB,1996,27.010.342.478.752.100,"1,40%"
Argentina (urban),-,1996,49.490.517.377.853.300,"2,56%"
Austria,AUT,1996,29.318.782.687.187.100,"1,52%"
Brazil,BRA,1996,5.983.837.842.941.280,"0,31%"
Cameroon,CMR,1996,4.444.674.551.486.960,"0,23%"
Canada,CAN,1996,3.276.911.973.953.240,"0,17%"
Chile,CHL,1996,5.486.896.634.101.860,"0,28%"
China,CHN,1996,35.227.659.344.673.100,"1,82%"
China (rural),-,1996,3.362.043.797.969.810,"0,17%"
China (urban),-,1996,29.089.227.318.763.700,"1,50%"
Colombia,COL,1996,5.677.192.807.197.570,"0,29%"
Costa Rica,CRI,1996,46.477.681.398.391.700,"2,40%"
Czechia,CZE,1996,25.800.082.087.516.700,"1,33%"
Dominican Republic,DOM,1996,47.420.477.867.126.400,"2,45%"
El Salvador,SLV,1996,5.095.692.276.954.650,"0,26%"
France,FRA,1996,3.201.727.569.103.240,"0,17%"
Georgia,GEO,1996,37.132.707.238.197.300,"1,92%"
Germany,DEU,1996,2.825.237.810.611.720,"0,15%"
Honduras,HND,1996,5.569.672.584.533.690,"0,29%"
Indonesia,IDN,1996,3.421.379.327.774.040,"0,18%"
Ireland,IRL,1996,3.562.469.780.445.090,"0,18%"
Jamaica,JAM,1996,4.039.490.222.930.900,"0,21%"
Kazakhstan,KAZ,1996,3.537.830.710.411.070,"0,18%"
Latvia,LVA,1996,31.590.762.734.413.100,"1,63%"
Luxembourg,LUX,1996,290.572.851.896.286,"0,02%"
Mexico,MEX,1996,5.197.122.693.061.820,"0,27%"
Mozambique,MOZ,1996,5.326.277.613.639.830,"0,28%"
Nigeria,NGA,1996,518.993.616.104.126,"0,03%"
Pakistan,PAK,1996,2.866.498.827.934.260,"0,15%"
Papua New Guinea,PNG,1996,45.765.262.842.178.300,"2,37%"
Russia,RUS,1996,46.098.628.640.174.800,"2,38%"
Slovakia,SVK,1996,2.627.639.174.461.360,"0,14%"
Spain,ESP,1996,3.646.515.905.857.080,"0,19%"
Syria,SYR,1996,3.516.938.090.324.400,"0,18%"
Thailand,THA,1996,42.904.922.366.142.200,"2,22%"
Uganda,UGA,1996,39.042.341.709.136.900,"2,02%"
Ukraine,UKR,1996,35.153.478.384.017.900,"1,82%"
United Kingdom,GBR,1996,35.297.369.956.970.200,"1,83%"
United States,USA,1996,40.310.901.403.427.100,"2,08%"
Uruguay (urban),-,1996,40.751.221.776.008.600,"2,11%"
Zambia,ZMB,1996,4.832.855.761.051.170,"0,25%"
Argentina (urban),-,1997,490.852.415.561.676,"0,03%"
Austria,AUT,1997,29.066.070.914.268.400,"1,50%"
Belgium,BEL,1997,2.683.253.288.269.040,"0,14%"
Bolivia,BOL,1997,5.814.171.433.448.790,"0,30%"
Brazil,BRA,1997,597.547.173.500.061,"0,03%"
Canada,CAN,1997,33.118.176.460.266.100,"1,71%"
Costa Rica,CRI,1997,4.557.816.684.246.060,"0,24%"
Dominican Republic,DOM,1997,4.890.393.018.722.530,"0,25%"
France,FRA,1997,319.009.393.453.598,"0,02%"
Georgia,GEO,1997,4.068.089.723.587.030,"0,21%"
Germany,DEU,1997,2.818.816.602.230.070,"0,15%"
Honduras,HND,1997,5.272.735.357.284.540,"0,27%"
Israel,ISR,1997,38.097.822.666.168.200,"1,97%"
Jordan,JOR,1997,3.642.052.710.056.300,"0,19%"
Kenya,KEN,1997,449.827.641.248.703,"0,02%"
Laos,LAO,1997,3.489.393.889.904.020,"0,18%"
Luxembourg,LUX,1997,295.961.856.842.041,"0,02%"
Madagascar,MDG,1997,3.942.808.508.872.980,"0,20%"
Malawi,MWI,1997,6.575.523.018.836.970,"0,34%"
Malaysia,MYS,1997,4.914.964.735.507.960,"0,25%"
Moldova,MDA,1997,36.942.142.248.153.600,"1,91%"
Panama,PAN,1997,5.811.877.250.671.380,"0,30%"
Paraguay,PRY,1997,5.488.789.081.573.480,"0,28%"
Peru,PER,1997,5.325.629.115.104.670,"0,28%"
Philippines,PHL,1997,4.596.220.850.944.510,"0,24%"
Romania,ROU,1997,3.050.598.204.135.890,"0,16%"
Russia,RUS,1997,3.840.920.031.070.700,"0,20%"
Slovenia,SVN,1997,24.121.879.041.194.900,"1,25%"
Spain,ESP,1997,35.325.005.650.520.300,"1,83%"
Taiwan,TWN,1997,30.823.060.870.170.500,"1,59%"
United Kingdom,GBR,1997,35.737.285.017.967.200,"1,85%"
United States,USA,1997,4.053.068.459.033.960,"0,21%"
Uruguay (urban),-,1997,41.456.711.292.266.800,"2,14%"
Vietnam,VNM,1997,35.442.206.263.542.100,"1,83%"
Argentina (urban),-,1998,507.127.046.585.083,"0,03%"
Austria,AUT,1998,31.342.726.945.877.000,"1,62%"
Belarus,BLR,1998,32.018.348.574.638.300,"1,66%"
Brazil,BRA,1998,595.662.534.236.908,"0,03%"
Burkina Faso,BFA,1998,4.986.853.003.501.890,"0,26%"
Burundi,BDI,1998,4.205.813.705.921.170,"0,22%"
Canada,CAN,1998,33.218.714.594.841.000,"1,72%"
Chile,CHL,1998,5.551.680.326.461.790,"0,29%"
Costa Rica,CRI,1998,45.637.398.958.206.100,"2,36%"
Cote d'Ivoire,CIV,1998,38.957.417.011.260.900,"2,01%"
Ecuador (urban),-,1998,49.607.276.916.503.900,"2,57%"
El Salvador,SLV,1998,5.437.270.998.954.770,"0,28%"
France,FRA,1998,3.165.864.944.458.000,"0,16%"
Gambia,GMB,1998,4.832.201.600.074.760,"0,25%"
Georgia,GEO,1998,41.227.972.507.476.800,"2,13%"
Germany,DEU,1998,2.814.408.242.702.480,"0,15%"
Ghana,GHA,1998,4.007.120.728.492.730,"0,21%"
Guatemala,GTM,1998,49.397.599.697.113.000,"2,55%"
Guyana,GUY,1998,4.505.282.938.480.370,"0,23%"
Honduras,HND,1998,5.728.847.980.499.260,"0,30%"
Indonesia,IDN,1998,3.085.094.094.276.420,"0,16%"
Iran,IRN,1998,4.409.564.137.458.800,"0,23%"
Italy,ITA,1998,36.659.374.833.106.900,"1,90%"
Luxembourg,LUX,1998,3.062.388.598.918.910,"0,16%"
Mexico,MEX,1998,5.328.314.900.398.250,"0,28%"
Moldova,MDA,1998,3.951.853.811.740.870,"0,20%"
Mongolia,MNG,1998,3.027.196.228.504.180,"0,16%"
Morocco,MAR,1998,3.935.391.306.877.130,"0,20%"
Nicaragua,NIC,1998,5.437.584.519.386.290,"0,28%"
Pakistan,PAK,1998,3.312.329.351.902.000,"0,17%"
Panama,PAN,1998,5.733.296.275.138.850,"0,30%"
Peru,PER,1998,5.511.713.624.000.540,"0,29%"
Russia,RUS,1998,38.137.003.779.411.300,"1,97%"
Spain,ESP,1998,3.458.084.762.096.400,"0,18%"
Thailand,THA,1998,41.455.793.380.737.300,"2,14%"
Turkmenistan,TKM,1998,40.806.928.277.015.600,"2,11%"
United Kingdom,GBR,1998,36.624.372.005.462.600,"1,89%"
United States,USA,1998,39.954.155.683.517.400,"2,07%"
Uruguay (urban),-,1998,4.248.224.198.818.200,"0,22%"
Venezuela,VEN,1998,4.799.874.424.934.380,"0,25%"
Yemen,YEM,1998,34.997.785.091.400.100,"1,81%"
Zambia,ZMB,1998,4.912.264.049.053.190,"0,25%"
Argentina (urban),-,1999,4.976.562.261.581.420,"0,26%"
Armenia,ARM,1999,36.219.725.012.779.200,"1,87%"
Austria,AUT,1999,296.711.266.040.802,"0,02%"
Belarus,BLR,1999,31.738.147.139.549.200,"1,64%"
Bolivia,BOL,1999,5.803.599.953.651.420,"0,30%"
Brazil,BRA,1999,5.895.122.289.657.590,"0,30%"
Canada,CAN,1999,33.062.395.453.453.000,"1,71%"
China,CHN,1999,387.032.151.222.229,"0,02%"
China (rural),-,1999,3.538.941.740.989.680,"0,18%"
China (urban),-,1999,3.154.756.426.811.210,"0,16%"
Colombia,COL,1999,5.852.622.985.839.840,"0,30%"
Costa Rica,CRI,1999,47.630.617.022.514.300,"2,46%"
Ecuador,ECU,1999,5.857.383.012.771.600,"0,30%"
Egypt,EGY,1999,3.083.484.470.844.260,"0,16%"
El Salvador,SLV,1999,5.207.594.633.102.410,"0,27%"
Ethiopia,ETH,1999,2.997.579.574.584.960,"0,16%"
France,FRA,1999,3.250.090.181.827.540,"0,17%"
Georgia,GEO,1999,4.012.637.138.366.690,"0,21%"
Germany,DEU,1999,2.899.678.647.518.150,"0,15%"
Honduras,HND,1999,5.521.424.412.727.350,"0,29%"
Hungary,HUN,1999,30.219.945.311.546.300,"1,56%"
Indonesia,IDN,1999,30.788.475.275.039.600,"1,59%"
Jamaica,JAM,1999,4.407.847.225.666.040,"0,23%"
Luxembourg,LUX,1999,30.054.527.521.133.400,"1,55%"
Madagascar,MDG,1999,38.580.092.787.742.600,"2,00%"
Moldova,MDA,1999,42.623.990.774.154.600,"2,20%"
Netherlands,NLD,1999,28.063.446.283.340.400,"1,45%"
Panama,PAN,1999,5.632.699.728.012.080,"0,29%"
Paraguay,PRY,1999,545.707.643.032.074,"0,03%"
Peru,PER,1999,5.482.069.253.921.500,"0,28%"
Poland,POL,1999,32.257.866.859.436.000,"1,67%"
Russia,RUS,1999,37.443.387.508.392.300,"1,94%"
Seychelles,SYC,1999,42.776.691.913.604.700,"2,21%"
Slovenia,SVN,1999,2.404.342.144.727.700,"0,12%"
Spain,ESP,1999,33.793.309.330.940.200,"1,75%"
Suriname (urban),-,1999,5.753.989.219.665.520,"0,30%"
Tajikistan,TJK,1999,2.953.243.553.638.450,"0,15%"
Thailand,THA,1999,43.091.586.232.185.300,"2,23%"
Uganda,UGA,1999,4.299.197.196.960.440,"0,22%"
United Kingdom,GBR,1999,36.785.855.889.320.300,"1,90%"
United States,USA,1999,39.986.297.488.212.500,"2,07%"
Venezuela,VEN,1999,47.698.405.385.017.300,"2,47%"
Angola,AGO,2000,5.194.514.989.852.900,"0,27%"
Argentina (urban),-,2000,5.103.796.124.458.310,"0,26%"
Austria,AUT,2000,28.965.216.875.076.200,"1,50%"
Bangladesh,BGD,2000,334.065.318.107.605,"0,02%"
Belarus,BLR,2000,3.116.748.332.977.290,"0,16%"
Belgium,BEL,2000,3.314.809.799.194.330,"0,17%"
Bolivia,BOL,2000,6.156.523.823.738.090,"0,32%"
Canada,CAN,2000,33.419.671.654.701.200,"1,73%"
Chile,CHL,2000,5.275.869.369.506.830,"0,27%"
Colombia,COL,2000,5.837.996.006.011.960,"0,30%"
Costa Rica,CRI,2000,47.409.483.790.397.600,"2,45%"
Denmark,DNK,2000,23.767.393.827.438.300,"1,23%"
Dominican Republic,DOM,2000,5.151.459.574.699.400,"0,27%"
Ecuador,ECU,2000,5.630.455.017.089.840,"0,29%"
El Salvador,SLV,2000,5.146.269.202.232.360,"0,27%"
Eswatini,SWZ,2000,5.311.352.014.541.620,"0,27%"
Finland,FIN,2000,2.715.839.445.590.970,"0,14%"
France,FRA,2000,32.554.125.785.827.600,"1,68%"
Georgia,GEO,2000,4.045.737.087.726.590,"0,21%"
Germany,DEU,2000,2.868.901.789.188.380,"0,15%"
Greece,GRC,2000,34.441.500.902.175.900,"1,78%"
Guatemala,GTM,2000,5.417.457.222.938.530,"0,28%"
Indonesia,IDN,2000,3.030.627.369.880.670,"0,16%"
Ireland,IRL,2000,3.301.073.908.805.840,"0,17%"
Italy,ITA,2000,35.249.266.028.404.200,"1,82%"
Kyrgyzstan,KGZ,2000,31.035.012.006.759.600,"1,61%"
Luxembourg,LUX,2000,30.100.950.598.716.700,"1,56%"
Mauritania,MRT,2000,3.902.847.468.852.990,"0,20%"
Mexico,MEX,2000,5.340.436.100.959.770,"0,28%"
Micronesia (country) (urban),-,2000,6.307.854.056.358.330,"0,33%"
Moldova,MDA,2000,36.424.389.481.544.400,"1,88%"
Morocco,MAR,2000,4.063.694.179.058.070,"0,21%"
Norway,NOR,2000,27.360.138.297.080.900,"1,42%"
Panama,PAN,2000,565.790.593.624.115,"0,03%"
Peru,PER,2000,4.907.185.435.295.100,"0,25%"
Philippines,PHL,2000,4.279.947.280.883.780,"0,22%"
Russia,RUS,2000,3.709.274.232.387.540,"0,19%"
Rwanda,RWA,2000,48.520.252.108.573.900,"2,51%"
Sao Tome and Principe,STP,2000,32.125.893.235.206.600,"1,66%"
South Africa,ZAF,2000,5.776.966.214.179.990,"0,30%"
Spain,ESP,2000,3.413.046.896.457.670,"0,18%"
Sweden,SWE,2000,26.961.851.119.995.100,"1,39%"
Switzerland,CHE,2000,3.343.384.861.946.100,"0,17%"
Taiwan,TWN,2000,3.111.233.115.196.220,"0,16%"
Tanzania,TZA,2000,372.819.721.698.761,"0,02%"
Thailand,THA,2000,4.283.366.799.354.550,"0,22%"
Tonga,TON,2000,3.769.017.457.962.030,"0,19%"
Tunisia,TUN,2000,40.809.476.375.579.800,"2,11%"
United Kingdom,GBR,2000,38.853.392.004.966.700,"2,01%"
United States,USA,2000,40.141.409.635.543.800,"2,08%"
Uruguay (urban),-,2000,4.336.661.696.434.020,"0,22%"
Argentina (urban),-,2001,5.329.303.741.455.070,"0,28%"
Armenia,ARM,2001,35.364.359.617.233.200,"1,83%"
Australia,AUS,2001,3.346.266.448.497.770,"0,17%"
Azerbaijan,AZE,2001,3.645.493.686.199.180,"0,19%"
Belarus,BLR,2001,3.057.672.381.401.060,"0,16%"
Bolivia,BOL,2001,5.736.684.203.147.880,"0,30%"
Bosnia and Herzegovina,BIH,2001,2.996.641.993.522.640,"0,15%"
Brazil,BRA,2001,5.840.287.804.603.570,"0,30%"
Cameroon,CMR,2001,42.136.794.328.689.500,"2,18%"
Canada,CAN,2001,3.355.606.496.334.070,"0,17%"
Cape Verde,CPV,2001,5.249.522.924.423.210,"0,27%"
Colombia,COL,2001,5.731.984.376.907.340,"0,30%"
Costa Rica,CRI,2001,5.150.595.903.396.600,"0,27%"
Dominican Republic,DOM,2001,49.998.998.641.967.700,"2,59%"
East Timor,TLS,2001,3.593.529.164.791.100,"0,19%"
El Salvador,SLV,2001,5.134.467.482.566.830,"0,27%"
France,FRA,2001,3.253.459.334.373.470,"0,17%"
Georgia,GEO,2001,3.955.507.278.442.380,"0,20%"
Germany,DEU,2001,2.992.582.321.166.990,"0,15%"
Haiti,HTI,2001,5.899.116.396.903.990,"0,31%"
Honduras,HND,2001,5.535.134.673.118.590,"0,29%"
Indonesia,IDN,2001,3.116.591.274.738.310,"0,16%"
Israel,ISR,2001,38.949.358.463.287.300,"2,01%"
Kazakhstan,KAZ,2001,3.596.448.600.292.200,"0,19%"
Kyrgyzstan,KGZ,2001,3.016.397.953.033.440,"0,16%"
Luxembourg,LUX,2001,3.092.721.998.691.550,"0,16%"
Madagascar,MDG,2001,47.435.131.669.044.400,"2,45%"
Mali,MLI,2001,39.866.310.358.047.400,"2,06%"
Moldova,MDA,2001,37.988.024.950.027.400,"1,96%"
Nicaragua,NIC,2001,5.287.476.778.030.390,"0,27%"
Pakistan,PAK,2001,28.653.019.666.671.700,"1,48%"
Panama,PAN,2001,5.669.551.491.737.360,"0,29%"
Paraguay,PRY,2001,5.462.630.987.167.350,"0,28%"
Peru,PER,2001,5.130.155.086.517.330,"0,27%"
Russia,RUS,2001,3.692.498.505.115.500,"0,19%"
Senegal,SEN,2001,4.122.943.580.150.600,"0,21%"
Sweden,SWE,2001,2.654.643.654.823.300,"0,14%"
United Kingdom,GBR,2001,3.708.862.364.292.140,"0,19%"
United States,USA,2001,40.597.113.966.941.800,"2,10%"
Uruguay (urban),-,2001,4.500.766.694.545.740,"0,23%"
Venezuela,VEN,2001,47.170.475.125.312.800,"2,44%"
Albania,ALB,2002,3.173.897.862.434.380,"0,16%"
Argentina (urban),-,2002,5.375.955.104.827.880,"0,28%"
Armenia,ARM,2002,3.477.967.381.477.350,"0,18%"
Azerbaijan,AZE,2002,2.527.766.525.745.390,"0,13%"
Belarus,BLR,2002,3.033.624.291.419.980,"0,16%"
Bolivia,BOL,2002,5.927.492.380.142.210,"0,31%"
Botswana,BWA,2002,6.153.864.860.534.660,"0,32%"
Brazil,BRA,2002,5.810.567.140.579.220,"0,30%"
Canada,CAN,2002,3.356.156.349.182.120,"0,17%"
China,CHN,2002,4.198.572.635.650.630,"0,22%"
China (rural),-,2002,38.019.347.190.856.900,"1,97%"
China (urban),-,2002,3.339.574.933.052.060,"0,17%"
Colombia,COL,2002,5.600.672.960.281.370,"0,29%"
Costa Rica,CRI,2002,5.181.252.956.390.380,"0,27%"
Czechia,CZE,2002,2.655.617.594.718.930,"0,14%"
Djibouti,DJI,2002,3.999.737.799.167.630,"0,21%"
Dominican Republic,DOM,2002,49.672.260.880.470.200,"2,57%"
El Salvador,SLV,2002,5.185.033.082.962.030,"0,27%"
Fiji,FJI,2002,38.102.054.595.947.200,"1,97%"
France,FRA,2002,3.177.925.646.305.080,"0,16%"
Georgia,GEO,2002,3.724.569.082.260.130,"0,19%"
Germany,DEU,2002,29.876.595.735.549.900,"1,55%"
Greece,GRC,2002,35.522.252.321.243.200,"1,84%"
Guinea,GIN,2002,430.027.037.858.963,"0,02%"
Guinea-Bissau,GNB,2002,3.556.883.633.136.740,"0,18%"
Honduras,HND,2002,5.570.878.982.543.940,"0,29%"
Indonesia,IDN,2002,3.016.376.495.361.320,"0,16%"
Ireland,IRL,2002,3.228.887.915.611.260,"0,17%"
Israel,ISR,2002,39.560.356.736.183.100,"2,05%"
Italy,ITA,2002,34.697.234.630.584.700,"1,79%"
Jamaica,JAM,2002,483.156.681.060.791,"0,02%"
Jordan,JOR,2002,36.954.617.500.305.100,"1,91%"
Kazakhstan,KAZ,2002,3.481.113.016.605.370,"0,18%"
Kyrgyzstan,KGZ,2002,3.030.238.747.596.740,"0,16%"
Laos,LAO,2002,32.620.108.127.593.900,"1,69%"
Lesotho,LSO,2002,5.119.382.739.067.070,"0,26%"
Luxembourg,LUX,2002,3.106.507.658.958.430,"0,16%"
Maldives,MDV,2002,4.131.202.697.753.900,"0,21%"
Mexico,MEX,2002,5.058.407.187.461.850,"0,26%"
Moldova,MDA,2002,35.845.908.522.605.800,"1,85%"
Mongolia,MNG,2002,32.892.948.389.053.300,"1,70%"
Mozambique,MOZ,2002,46.948.155.760.765.000,"2,43%"
Panama,PAN,2002,5.608.869.791.030.880,"0,29%"
Paraguay,PRY,2002,5.727.429.986.000.060,"0,30%"
Peru,PER,2002,5.356.355.309.486.380,"0,28%"
Russia,RUS,2002,37.283.769.249.916.000,"1,93%"
Samoa,WSM,2002,4.073.551.893.234.250,"0,21%"
Sri Lanka,LKA,2002,4.017.190.635.204.310,"0,21%"
Sweden,SWE,2002,2.621.794.044.971.460,"0,14%"
Switzerland,CHE,2002,31.687.650.084.495.500,"1,64%"
Thailand,THA,2002,4.194.449.484.348.290,"0,22%"
Turkey,TUR,2002,41.396.376.490.592.900,"2,14%"
Uganda,UGA,2002,45.167.553.424.835.200,"2,34%"
Ukraine,UKR,2002,29.045.695.066.452.000,"1,50%"
United Kingdom,GBR,2002,35.147.929.191.589.300,"1,82%"
United States,USA,2002,40.354.451.537.132.200,"2,09%"
Uruguay (urban),-,2002,4.554.421.007.633.200,"0,24%"
Venezuela,VEN,2002,4.887.784.719.467.160,"0,25%"
Vietnam,VNM,2002,3.702.962.398.529.050,"0,19%"
Zambia,ZMB,2002,4.205.872.714.519.500,"0,22%"
Argentina (urban),-,2003,5.099.445.581.436.150,"0,26%"
Armenia,ARM,2003,3.302.808.701.992.030,"0,17%"
Australia,AUS,2003,3.349.778.652.191.160,"0,17%"
Austria,AUT,2003,29.465.627.670.288.000,"1,52%"
Azerbaijan,AZE,2003,26.832.878.589.630.100,"1,39%"
Belarus,BLR,2003,2.882.101.237.773.890,"0,15%"
Belgium,BEL,2003,28.143.343.329.429.600,"1,46%"
Benin,BEN,2003,3.857.746.720.314.020,"0,20%"
Bhutan,BTN,2003,40.898.001.194.000.200,"2,12%"
Brazil,BRA,2003,5.755.338.668.823.240,"0,30%"
Burkina Faso,BFA,2003,43.251.150.846.481.300,"2,24%"
Canada,CAN,2003,3.381.083.607.673.640,"0,17%"
Chad,TCD,2003,3.981.172.740.459.440,"0,21%"
Chile,CHL,2003,5.147.556.066.513.060,"0,27%"
Colombia,COL,2003,5.357.276.797.294.610,"0,28%"
Costa Rica,CRI,2003,4.930.032.193.660.730,"0,25%"
Denmark,DNK,2003,2.563.104.033.470.150,"0,13%"
Dominican Republic,DOM,2003,5.212.064.981.460.570,"0,27%"
Ecuador,ECU,2003,5.351.476.073.265.070,"0,28%"
El Salvador,SLV,2003,5.043.386.816.978.450,"0,26%"
Estonia,EST,2003,3.719.470.798.969.260,"0,19%"
Finland,FIN,2003,27.686.429.023.742.600,"1,43%"
France,FRA,2003,31.411.054.730.415.300,"1,62%"
Gambia,GMB,2003,47.315.526.008.605.900,"2,45%"
Georgia,GEO,2003,3.664.979.636.669.150,"0,19%"
Germany,DEU,2003,2.987.043.857.574.460,"0,15%"
Greece,GRC,2003,32.759.198.546.409.600,"1,69%"
Honduras,HND,2003,580.780.565.738.678,"0,03%"
Iceland,ISL,2003,2.683.603.763.580.320,"0,14%"
Indonesia,IDN,2003,29.323.187.470.436.000,"1,52%"
Ireland,IRL,2003,3.288.742.005.825.040,"0,17%"
Israel,ISR,2003,4.071.962.535.381.310,"0,21%"
Italy,ITA,2003,34.928.759.932.518.000,"1,81%"
Kazakhstan,KAZ,2003,3.369.147.777.557.370,"0,17%"
Kyrgyzstan,KGZ,2003,28.708.645.701.408.300,"1,48%"
Luxembourg,LUX,2003,30.187.472.701.072.600,"1,56%"
Malaysia,MYS,2003,4.641.619.324.684.140,"0,24%"
Moldova,MDA,2003,3.490.208.387.374.870,"0,18%"
Namibia,NAM,2003,6.331.697.106.361.380,"0,33%"
Nepal,NPL,2003,43.768.104.910.850.500,"2,26%"
Nigeria,NGA,2003,4.006.081.819.534.300,"0,21%"
Norway,NOR,2003,27.626.901.865.005.400,"1,43%"
Panama,PAN,2003,5.564.636.588.096.610,"0,29%"
Paraguay,PRY,2003,5.493.751.168.251.030,"0,28%"
Peru,PER,2003,5.307.956.337.928.770,"0,27%"
Philippines,PHL,2003,414.946.585.893.631,"0,02%"
Portugal,PRT,2003,3.877.500.593.662.260,"0,20%"
Russia,RUS,2003,39.971.548.318.862.900,"2,07%"
Sierra Leone,SLE,2003,4.016.745.388.507.840,"0,21%"
Spain,ESP,2003,3.180.093.765.258.780,"0,16%"
Sweden,SWE,2003,25.268.518.924.713.100,"1,31%"
Syria,SYR,2003,3.751.460.313.796.990,"0,19%"
Tajikistan,TJK,2003,327.194.482.088.089,"0,02%"
Turkey,TUR,2003,42.184.337.973.594.600,"2,18%"
Ukraine,UKR,2003,2.866.489.291.191.100,"0,15%"
United Kingdom,GBR,2003,3.485.729.396.343.230,"0,18%"
United States,USA,2003,40.771.839.022.636.400,"2,11%"
Uruguay (urban),-,2003,45.033.693.313.598.600,"2,33%"
Venezuela,VEN,2003,47.906.187.176.704.400,"2,48%"
Argentina (urban),-,2004,48.483.532.667.160.000,"2,51%"
Armenia,ARM,2004,37.505.632.638.931.200,"1,94%"
Australia,AUS,2004,3.305.647.671.222.680,"0,17%"
Austria,AUT,2004,29.788.845.777.511.500,"1,54%"
Azerbaijan,AZE,2004,2.662.159.204.483.030,"0,14%"
Belarus,BLR,2004,2.647.988.498.210.900,"0,14%"
Belgium,BEL,2004,3.054.142.892.360.680,"0,16%"
Bolivia,BOL,2004,5.500.035.285.949.700,"0,28%"
Bosnia and Herzegovina,BIH,2004,3.403.748.869.895.930,"0,18%"
Brazil,BRA,2004,5.647.182.464.599.600,"0,29%"
Canada,CAN,2004,33.777.785.301.208.400,"1,75%"
Colombia,COL,2004,5.497.446.656.227.110,"0,28%"
Comoros,COM,2004,5.592.429.041.862.480,"0,29%"
Costa Rica,CRI,2004,4.841.752.052.307.120,"0,25%"
Cyprus,CYP,2004,3.008.905.351.161.950,"0,16%"
Czechia,CZE,2004,2.753.317.952.156.060,"0,14%"
Democratic Republic of Congo,COD,2004,4.163.389.503.955.840,"0,22%"
Denmark,DNK,2004,24.911.795.556.545.200,"1,29%"
Dominican Republic,DOM,2004,5.205.090.045.928.950,"0,27%"
Ecuador,ECU,2004,5.389.178.395.271.300,"0,28%"
Egypt,EGY,2004,3.184.754.550.457.000,"0,16%"
El Salvador,SLV,2004,47.798.246.145.248.400,"2,47%"
Estonia,EST,2004,33.559.250.831.604.000,"1,74%"
Ethiopia,ETH,2004,2.980.685.234.069.820,"0,15%"
Finland,FIN,2004,27.897.652.983.665.400,"1,44%"
France,FRA,2004,3.064.725.697.040.550,"0,16%"
Georgia,GEO,2004,3.616.828.918.457.030,"0,19%"
Germany,DEU,2004,30.112.794.041.633.600,"1,56%"
Greece,GRC,2004,335.880.309.343.338,"0,02%"
Honduras,HND,2004,5.809.237.360.954.280,"0,30%"
Hungary,HUN,2004,298.643.559.217.453,"0,02%"
Iceland,ISL,2004,27.981.850.504.875.100,"1,45%"
India,IND,2004,27.682.065.963.745.100,"1,43%"
Indonesia,IDN,2004,3.041.650.652.885.430,"0,16%"
Ireland,IRL,2004,33.609.539.270.401,"0,00%"
Israel,ISR,2004,4.145.374.000.072.470,"0,21%"
Italy,ITA,2004,3.429.309.129.714.960,"0,18%"
Jamaica,JAM,2004,45.457.473.397.254.900,"2,35%"
Kazakhstan,KAZ,2004,31.838.759.779.930.100,"1,65%"
Kyrgyzstan,KGZ,2004,3.477.343.022.823.330,"0,18%"
Latvia,LVA,2004,3.638.247.847.557.060,"0,19%"
Lithuania,LTU,2004,3.701.108.396.053.310,"0,19%"
Luxembourg,LUX,2004,30.172.696.709.632.800,"1,56%"
Malawi,MWI,2004,39.872.151.613.235.400,"2,06%"
Mauritania,MRT,2004,4.016.876.220.703.120,"0,21%"
Mexico,MEX,2004,5.034.302.473.068.230,"0,26%"
Moldova,MDA,2004,35.029.566.287.994.300,"1,81%"
Netherlands,NLD,2004,2.980.000.972.747.800,"0,15%"
Norway,NOR,2004,3.157.806.992.530.820,"0,16%"
Pakistan,PAK,2004,3.088.610.768.318.170,"0,16%"
Palestine,PSE,2004,3.404.465.913.772.580,"0,18%"
Panama,PAN,2004,5.477.020.740.509.030,"0,28%"
Paraguay,PRY,2004,5.226.007.103.919.980,"0,27%"
Peru,PER,2004,4.987.955.689.430.230,"0,26%"
Poland,POL,2004,3.802.178.204.059.600,"0,20%"
Portugal,PRT,2004,38.938.775.658.607.400,"2,01%"
Russia,RUS,2004,4.031.583.070.755.000,"0,21%"
Slovakia,SVK,2004,27.076.780.796.051.000,"1,40%"
Slovenia,SVN,2004,24.790.732.562.541.900,"1,28%"
Spain,ESP,2004,3.330.196.142.196.650,"0,17%"
Sweden,SWE,2004,26.140.111.684.799.100,"1,35%"
Switzerland,CHE,2004,3.156.569.302.082.060,"0,16%"
Tajikistan,TJK,2004,33.601.948.618.888.800,"1,74%"
Thailand,THA,2004,4.254.031.181.335.440,"0,22%"
Turkey,TUR,2004,41.287.508.606.910.700,"2,14%"
Ukraine,UKR,2004,28.934.016.823.768.600,"1,50%"
United Kingdom,GBR,2004,3.483.532.965.183.250,"0,18%"
United States,USA,2004,40.547.800.064.086.900,"2,10%"
Uruguay (urban),-,2004,458.809.494.972.229,"0,02%"
Venezuela,VEN,2004,4.731.648.564.338.680,"0,24%"
Vietnam,VNM,2004,36.785.832.047.462.400,"1,90%"
Zambia,ZMB,2004,5.426.552.295.684.810,"0,28%"
Albania,ALB,2005,30.595.654.249.191.200,"1,58%"
Argentina (urban),-,2005,4.781.028.628.349.300,"0,25%"
Armenia,ARM,2005,3.599.235.415.458.670,"0,19%"
Austria,AUT,2005,28.715.208.172.798.100,"1,49%"
Azerbaijan,AZE,2005,26.554.906.368.255.600,"1,37%"
Bangladesh,BGD,2005,33.201.292.157.173.100,"1,72%"
Belarus,BLR,2005,27.553.409.337.997.400,"1,43%"
Belgium,BEL,2005,29.336.920.380.592.300,"1,52%"
Bolivia,BOL,2005,5.851.856.470.108.030,"0,30%"
Brazil,BRA,2005,5.631.012.916.564.940,"0,29%"
Canada,CAN,2005,3.362.303.376.197.810,"0,17%"
China,CHN,2005,4.090.076.684.951.780,"0,21%"
China (rural),-,2005,35.849.201.679.229.700,"1,85%"
China (urban),-,2005,34.735.891.222.953.700,"1,80%"
Colombia,COL,2005,5.390.760.898.590.080,"0,28%"
Congo,COG,2005,47.329.872.846.603.300,"2,45%"
Costa Rica,CRI,2005,47.510.257.363.319.300,"2,46%"
Cyprus,CYP,2005,3.025.941.252.708.430,"0,16%"
Czechia,CZE,2005,26.946.017.146.110.500,"1,39%"
Denmark,DNK,2005,25.186.386.704.444.800,"1,30%"
Dominican Republic,DOM,2005,49.965.226.650.238.000,"2,58%"
Ecuador,ECU,2005,5.305.740.237.236.020,"0,27%"
El Salvador,SLV,2005,4.847.131.073.474.880,"0,25%"
Estonia,EST,2005,33.446.767.926.216.100,"1,73%"
Finland,FIN,2005,2.761.949.300.765.990,"0,14%"
France,FRA,2005,2.983.386.814.594.260,"0,15%"
Gabon,GAB,2005,4.218.498.766.422.270,"0,22%"
Georgia,GEO,2005,3.737.491.965.293.880,"0,19%"
Germany,DEU,2005,316.117.525.100.708,"0,02%"
Ghana,GHA,2005,427.562.415.599.823,"0,02%"
Greece,GRC,2005,3.459.669.053.554.530,"0,18%"
Honduras,HND,2005,5.947.672.724.723.810,"0,31%"
Hungary,HUN,2005,34.720.951.318.740.800,"1,80%"
Iceland,ISL,2005,29.002.445.936.203.000,"1,50%"
Indonesia,IDN,2005,2.990.362.048.149.100,"0,15%"
Iran,IRN,2005,43.558.642.268.180.800,"2,25%"
Ireland,IRL,2005,3.375.394.940.376.280,"0,17%"
Israel,ISR,2005,42.267.510.294.914.200,"2,19%"
Italy,ITA,2005,3.383.101.522.922.510,"0,17%"
Kazakhstan,KAZ,2005,3.982.597.887.516.020,"0,21%"
Kenya,KEN,2005,4.644.277.095.794.670,"0,24%"
Kyrgyzstan,KGZ,2005,32.561.346.888.542.100,"1,68%"
Latvia,LVA,2005,3.897.305.428.981.780,"0,20%"
Lithuania,LTU,2005,35.296.720.266.342.100,"1,83%"
Luxembourg,LUX,2005,30.840.808.153.152.400,"1,60%"
Madagascar,MDG,2005,3.993.634.581.565.850,"0,21%"
Mexico,MEX,2005,5.093.890.428.543.090,"0,26%"
Micronesia (country),FSM,2005,42.355.799.674.987.700,"2,19%"
Moldova,MDA,2005,36.280.837.655.067.400,"1,88%"
Netherlands,NLD,2005,2.904.823.124.408.720,"0,15%"
Nicaragua,NIC,2005,4.882.003.664.970.390,"0,25%"
Niger,NER,2005,44.387.316.703.796.300,"2,30%"
Norway,NOR,2005,30.597.028.136.253.300,"1,58%"
Pakistan,PAK,2005,31.261.253.356.933.500,"1,62%"
Palestine,PSE,2005,34.742.623.567.581.100,"1,80%"
Panama,PAN,2005,5.379.738.211.631.770,"0,28%"
Paraguay,PRY,2005,5.138.111.710.548.400,"0,27%"
Peru,PER,2005,5.044.900.178.909.300,"0,26%"
Poland,POL,2005,3.580.838.441.848.750,"0,19%"
Portugal,PRT,2005,3.848.007.321.357.720,"0,20%"
Russia,RUS,2005,4.126.559.793.949.120,"0,21%"
Rwanda,RWA,2005,520.211.398.601.532,"0,03%"
Senegal,SEN,2005,39.212.894.439.697.200,"2,03%"
Slovakia,SVK,2005,2.929.649.353.027.340,"0,15%"
Slovenia,SVN,2005,24.634.741.246.700.200,"1,27%"
Solomon Islands,SLB,2005,46.087.634.563.446.000,"2,38%"
South Africa,ZAF,2005,650.010.347.366.333,"0,03%"
Spain,ESP,2005,3.243.177.533.149.710,"0,17%"
Sweden,SWE,2005,26.821.017.265.319.800,"1,39%"
Taiwan,TWN,2005,3.218.076.527.118.680,"0,17%"
Tunisia,TUN,2005,3.773.338.198.661.800,"0,20%"
Turkey,TUR,2005,42.614.656.686.782.800,"2,20%"
Uganda,UGA,2005,42.944.133.281.707.700,"2,22%"
Ukraine,UKR,2005,2.902.071.475.982.660,"0,15%"
United Kingdom,GBR,2005,35.486.483.573.913.500,"1,84%"
United States,USA,2005,41.262.272.000.312.800,"2,13%"
Uruguay (urban),-,2005,44.727.566.838.264.400,"2,31%"
Venezuela,VEN,2005,4.931.652.247.905.730,"0,26%"
Yemen,YEM,2005,34.732.335.805.892.900,"1,80%"
Argentina (urban),-,2006,46.444.496.512.413.000,"2,40%"
Armenia,ARM,2006,29.709.985.852.241.500,"1,54%"
Austria,AUT,2006,295.875.608.921.051,"0,02%"
Belarus,BLR,2006,28.275.442.123.413.000,"1,46%"
Belgium,BEL,2006,2.805.405.259.132.380,"0,15%"
Bolivia,BOL,2006,566.602.885.723.114,"0,03%"
Brazil,BRA,2006,5.564.221.143.722.530,"0,29%"
Bulgaria,BGR,2006,3.568.882.644.176.480,"0,18%"
Burundi,BDI,2006,33.359.864.354.133.600,"1,73%"
Canada,CAN,2006,340.922.474.861.145,"0,02%"
Chile,CHL,2006,47.706.884.145.736.600,"2,47%"
Costa Rica,CRI,2006,4.928.048.253.059.380,"0,25%"
Cyprus,CYP,2006,3.112.596.273.422.240,"0,16%"
Czechia,CZE,2006,26.744.118.332.862.800,"1,38%"
Denmark,DNK,2006,2.591.307.759.284.970,"0,13%"
Dominican Republic,DOM,2006,5.196.129.679.679.870,"0,27%"
Ecuador,ECU,2006,5.225.061.774.253.840,"0,27%"
El Salvador,SLV,2006,45.688.962.936.401.300,"2,36%"
Estonia,EST,2006,33.667.656.779.289.200,"1,74%"
Finland,FIN,2006,27.998.724.579.811.000,"1,45%"
France,FRA,2006,2.969.108.819.961.540,"0,15%"
Georgia,GEO,2006,3.686.513.602.733.610,"0,19%"
Germany,DEU,2006,31.046.903.133.392.300,"1,61%"
Greece,GRC,2006,35.121.819.376.945.400,"1,82%"
Guatemala,GTM,2006,5.454.021.692.276.000,"0,28%"
Honduras,HND,2006,5.752.498.507.499.690,"0,30%"
Hungary,HUN,2006,2.829.602.062.702.170,"0,15%"
Iceland,ISL,2006,3.024.500.906.467.430,"0,16%"
Indonesia,IDN,2006,3.152.412.176.132.200,"0,16%"
Iran,IRN,2006,44.752.037.525.177,"0,00%"
Iraq,IRQ,2006,2.860.061.228.275.290,"0,15%"
Ireland,IRL,2006,32.727.566.361.427.300,"1,69%"
Israel,ISR,2006,4.155.300.557.613.370,"0,21%"
Italy,ITA,2006,33.694.812.655.448.900,"1,74%"
Jordan,JOR,2006,338.562.548.160.553,"0,02%"
Kazakhstan,KAZ,2006,3.024.386.465.549.460,"0,16%"
Kiribati,KIR,2006,36.973.002.552.986.100,"1,91%"
Kyrgyzstan,KGZ,2006,37.381.240.725.517.200,"1,93%"
Latvia,LVA,2006,35.596.945.881.843.500,"1,84%"
Lithuania,LTU,2006,3.441.445.827.484.130,"0,18%"
Luxembourg,LUX,2006,3.094.812.035.560.600,"0,16%"
Malaysia,MYS,2006,4.475.235.044.956.200,"0,23%"
Mali,MLI,2006,3.892.908.990.383.140,"0,20%"
Malta,MLT,2006,2.801.997.661.590.570,"0,14%"
Mauritius,MUS,2006,3.565.342.128.276.820,"0,18%"
Mexico,MEX,2006,4.971.226.453.781.120,"0,26%"
Moldova,MDA,2006,35.399.818.420.410.100,"1,83%"
Morocco,MAR,2006,4.071.830.213.069.910,"0,21%"
Netherlands,NLD,2006,30.043.327.808.380.100,"1,55%"
Norway,NOR,2006,2.635.383.903.980.250,"0,14%"
Palestine,PSE,2006,3.395.928.144.454.950,"0,18%"
Panama,PAN,2006,5.463.358.759.880.060,"0,28%"
Paraguay,PRY,2006,5.299.407.839.775.080,"0,27%"
Peru,PER,2006,5.033.209.323.883.050,"0,26%"
Philippines,PHL,2006,4.285.883.903.503.410,"0,22%"
Poland,POL,2006,34.667.545.557.022.000,"1,79%"
Portugal,PRT,2006,38.060.781.359.672.500,"1,97%"
Romania,ROU,2006,39.640.820.026.397.700,"2,05%"
Russia,RUS,2006,4.095.093.905.925.750,"0,21%"
Seychelles,SYC,2006,42.767.617.106.437.600,"2,21%"
Slovakia,SVK,2006,25.797.039.270.401,"0,00%"
Slovenia,SVN,2006,243.639.275.431.633,"0,01%"
South Korea,KOR,2006,3.170.364.499.092.100,"0,16%"
Spain,ESP,2006,33.541.154.861.450.100,"1,73%"
Sri Lanka,LKA,2006,3.966.901.898.384.090,"0,21%"
Sweden,SWE,2006,2.635.122.835.636.130,"0,14%"
Switzerland,CHE,2006,3.391.880.691.051.480,"0,18%"
Syria,SYR,2006,4.014.725.089.073.180,"0,21%"
Thailand,THA,2006,4.181.903.302.669.520,"0,22%"
Togo,TGO,2006,42.212.235.927.581.700,"2,18%"
Turkey,TUR,2006,39.647.412.300.109.800,"2,05%"
Ukraine,UKR,2006,29.794.391.989.707.900,"1,54%"
United Kingdom,GBR,2006,3.588.162.362.575.530,"0,19%"
United States,USA,2006,41.695.788.502.693.100,"2,16%"
Uruguay,URY,2006,4.594.137.966.632.840,"0,24%"
Venezuela,VEN,2006,4.469.836.354.255.670,"0,23%"
Vietnam,VNM,2006,3.578.861.653.804.770,"0,19%"
Zambia,ZMB,2006,5.457.133.650.779.720,"0,28%"
Argentina (urban),-,2007,46.282.586.455.345.100,"2,39%"
Armenia,ARM,2007,31.226.056.814.193.700,"1,61%"
Austria,AUT,2007,30.579.450.726.509.000,"1,58%"
Belarus,BLR,2007,29.612.380.266.189.500,"1,53%"
Belgium,BEL,2007,2.923.767.864.704.130,"0,15%"
Bhutan,BTN,2007,38.090.771.436.691.200,"1,97%"
Bolivia,BOL,2007,5.453.250.408.172.600,"0,28%"
Bosnia and Herzegovina,BIH,2007,3.425.677.716.732.020,"0,18%"
Brazil,BRA,2007,5.491.916.537.284.850,"0,28%"
Bulgaria,BGR,2007,3.609.587.848.186.490,"0,19%"
Cameroon,CMR,2007,4.282.006.323.337.550,"0,22%"
Canada,CAN,2007,33.842.748.403.549.100,"1,75%"
Cape Verde,CPV,2007,4.718.738.794.326.780,"0,24%"
Costa Rica,CRI,2007,49.312.812.089.920.000,"2,55%"
Cyprus,CYP,2007,3.111.327.290.534.970,"0,16%"
Czechia,CZE,2007,2.599.864.900.112.150,"0,13%"
Denmark,DNK,2007,2.618.425.786.495.200,"0,14%"
Dominican Republic,DOM,2007,4.885.563.850.402.830,"0,25%"
East Timor,TLS,2007,2.782.331.705.093.380,"0,14%"
Ecuador,ECU,2007,5.335.530.638.694.760,"0,28%"
El Salvador,SLV,2007,45.217.469.334.602.300,"2,34%"
Estonia,EST,2007,3.117.837.905.883.780,"0,16%"
Finland,FIN,2007,2.828.556.299.209.590,"0,15%"
France,FRA,2007,3.242.770.731.449.120,"0,17%"
Georgia,GEO,2007,38.107.985.258.102.400,"1,97%"
Germany,DEU,2007,31.191.548.705.101.000,"1,61%"
Greece,GRC,2007,33.950.820.565.223.600,"1,76%"
Guinea,GIN,2007,3.935.534.656.047.820,"0,20%"
Honduras,HND,2007,5.581.572.651.863.090,"0,29%"
Hungary,HUN,2007,278.818.279.504.776,"0,01%"
Iceland,ISL,2007,29.470.887.780.189.500,"1,52%"
Indonesia,IDN,2007,33.231.717.348.098.700,"1,72%"
Ireland,IRL,2007,3.194.657.564.163.200,"0,17%"
Israel,ISR,2007,41.101.086.139.678.900,"2,13%"
Italy,ITA,2007,32.888.323.068.618.700,"1,70%"
Kazakhstan,KAZ,2007,3.008.405.566.215.510,"0,16%"
Kyrgyzstan,KGZ,2007,33.911.821.246.147.100,"1,75%"
Laos,LAO,2007,3.536.103.367.805.480,"0,18%"
Latvia,LVA,2007,374.610.960.483.551,"0,02%"
Liberia,LBR,2007,36.446.577.310.562.100,"1,88%"
Lithuania,LTU,2007,3.478.911.221.027.370,"0,18%"
Luxembourg,LUX,2007,3.113.374.710.083.000,"0,16%"
Malta,MLT,2007,29.207.733.273.506.100,"1,51%"
Moldova,MDA,2007,3.442.104.160.785.670,"0,18%"
Mongolia,MNG,2007,3.582.186.996.936.790,"0,19%"
Netherlands,NLD,2007,2.959.277.927.875.510,"0,15%"
Niger,NER,2007,3.730.420.470.237.730,"0,19%"
Norway,NOR,2007,2.709.064.781.665.800,"0,14%"
Pakistan,PAK,2007,2.966.950.237.751.000,"0,15%"
Palestine,PSE,2007,35.606.077.313.423.100,"1,84%"
Panama,PAN,2007,5.268.421.769.142.150,"0,27%"
Paraguay,PRY,2007,5.304.040.908.813.470,"0,27%"
Peru,PER,2007,5.002.136.826.515.190,"0,26%"
Poland,POL,2007,3.400.128.483.772.270,"0,18%"
Portugal,PRT,2007,367.501.825.094.223,"0,02%"
Romania,ROU,2007,375.477.135.181.427,"0,02%"
Russia,RUS,2007,42.272.472.381.591.700,"2,19%"
Slovakia,SVK,2007,24.664.714.932.441.700,"1,28%"
Slovenia,SVN,2007,24.354.752.898.216.200,"1,26%"
Spain,ESP,2007,34.137.409.925.460.800,"1,77%"
Sweden,SWE,2007,27.114.138.007.164,"0,00%"
Switzerland,CHE,2007,34.255.534.410.476.600,"1,77%"
Taiwan,TWN,2007,3.212.537.169.456.480,"0,17%"
Tajikistan,TJK,2007,32.180.318.236.351.000,"1,66%"
Tanzania,TZA,2007,4.027.777.910.232.540,"0,21%"
Thailand,THA,2007,3.976.151.645.183.560,"0,21%"
Turkey,TUR,2007,3.844.279.944.896.690,"0,20%"
Ukraine,UKR,2007,2.701.268.792.152.400,"0,14%"
United Kingdom,GBR,2007,34.413.865.208.625.700,"1,78%"
United States,USA,2007,4.109.093.248.844.140,"0,21%"
Uruguay,URY,2007,4.640.476.703.643.790,"0,24%"
Albania,ALB,2008,29.984.670.877.456.600,"1,55%"
Angola,AGO,2008,42.715.513.706.207.200,"2,21%"
Argentina (urban),-,2008,4.498.676.359.653.470,"0,23%"
Armenia,ARM,2008,29.188.141.226.768.400,"1,51%"
Australia,AUS,2008,3.543.021.082.878.110,"0,18%"
Austria,AUT,2008,3.043.709.397.315.970,"0,16%"
Belarus,BLR,2008,2.782.604.396.343.230,"0,14%"
Belgium,BEL,2008,28.373.730.182.647.700,"1,47%"
Bolivia,BOL,2008,5.081.493.854.522.700,"0,26%"
Brazil,BRA,2008,5.403.758.883.476.250,"0,28%"
Bulgaria,BGR,2008,33.572.569.489.479.000,"1,74%"
Canada,CAN,2008,3.393.216.133.117.670,"0,18%"
Central African Republic,CAF,2008,5.619.515.180.587.760,"0,29%"
China,CHN,2008,4.296.503.961.086.270,"0,22%"
China (rural),-,2008,3.939.904.570.579.520,"0,20%"
China (urban),-,2008,35.154.303.908.348.000,"1,82%"
Colombia,COL,2008,5.495.076.775.550.840,"0,28%"
Costa Rica,CRI,2008,48.640.772.700.309.700,"2,52%"
Cote d'Ivoire,CIV,2008,43.179.845.809.936.500,"2,23%"
Cyprus,CYP,2008,3.170.860.707.759.850,"0,16%"
Czechia,CZE,2008,2.628.021.240.234.370,"0,14%"
Denmark,DNK,2008,2.524.627.149.105.070,"0,13%"
Dominican Republic,DOM,2008,48.107.606.172.561.600,"2,49%"
Ecuador,ECU,2008,49.788.129.329.681.300,"2,57%"
Egypt,EGY,2008,31.102.436.780.929.500,"1,61%"
El Salvador,SLV,2008,4.688.558.876.514.430,"0,24%"
Estonia,EST,2008,3.191.497.027.873.990,"0,17%"
Fiji,FJI,2008,40.375.587.344.169.600,"2,09%"
Finland,FIN,2008,27.838.134.765.625,"0,00%"
France,FRA,2008,32.996.442.914.009.000,"1,71%"
Georgia,GEO,2008,3.853.241.503.238.670,"0,20%"
Germany,DEU,2008,3.063.329.756.259.910,"0,16%"
Greece,GRC,2008,3.358.771.800.994.870,"0,17%"
Honduras,HND,2008,5.548.926.591.873.160,"0,29%"
Hungary,HUN,2008,27.514.025.568.962.000,"1,42%"
Iceland,ISL,2008,31.789.278.984.069.800,"1,64%"
Indonesia,IDN,2008,3.263.291.120.529.170,"0,17%"
Ireland,IRL,2008,3.090.561.628.341.670,"0,16%"
Israel,ISR,2008,4.164.712.727.069.850,"0,22%"
Italy,ITA,2008,33.767.786.622.047.400,"1,75%"
Japan,JPN,2008,3.460.035.026.073.450,"0,18%"
Jordan,JOR,2008,3.257.344.961.166.380,"0,17%"
Kazakhstan,KAZ,2008,2.849.644.422.531.120,"0,15%"
Kyrgyzstan,KGZ,2008,31.450.650.095.939.600,"1,63%"
Latvia,LVA,2008,3.721.155.822.277.060,"0,19%"
Lithuania,LTU,2008,3.572.700.321.674.340,"0,18%"
Luxembourg,LUX,2008,32.561.543.583.869.900,"1,68%"
Malaysia,MYS,2008,4.547.971.189.022.060,"0,24%"
Malta,MLT,2008,2.899.550.795.555.110,"0,15%"
Mauritania,MRT,2008,35.685.378.313.064.500,"1,85%"
Mexico,MEX,2008,5.084.356.069.564.810,"0,26%"
Moldova,MDA,2008,34.692.442.417.144.700,"1,79%"
Mozambique,MOZ,2008,45.482.999.086.380.000,"2,35%"
Netherlands,NLD,2008,2.929.801.344.871.520,"0,15%"
Norway,NOR,2008,26.996.344.327.926.600,"1,40%"
Panama,PAN,2008,5.269.296.169.281.000,"0,27%"
Paraguay,PRY,2008,5.070.464.611.053.460,"0,26%"
Peru,PER,2008,474.863.737.821.579,"0,02%"
Poland,POL,2008,3.348.563.313.484.190,"0,17%"
Portugal,PRT,2008,3.663.415.014.743.800,"0,19%"
Romania,ROU,2008,3.642.873.466.014.860,"0,19%"
Russia,RUS,2008,41.568.583.250.045.700,"2,15%"
Samoa,WSM,2008,42.046.549.916.267.300,"2,17%"
Slovakia,SVK,2008,26.024.991.273.880.000,"1,35%"
Slovenia,SVN,2008,2.371.801.882.982.250,"0,12%"
South Africa,ZAF,2008,6.251.803.040.504.450,"0,32%"
South Korea,KOR,2008,3.232.559.859.752.650,"0,17%"
Spain,ESP,2008,3.422.040.045.261.380,"0,18%"
Sweden,SWE,2008,2.811.915.874.481.200,"0,15%"
Switzerland,CHE,2008,3.379.470.109.939.570,"0,17%"
Thailand,THA,2008,40.288.272.500.038.100,"2,08%"
Turkey,TUR,2008,39.020.541.310.310.300,"2,02%"
Ukraine,UKR,2008,2.663.823.068.141.930,"0,14%"
United Kingdom,GBR,2008,35.447.177.290.916.400,"1,83%"
United States,USA,2008,41.094.452.142.715.400,"2,13%"
Uruguay,URY,2008,4.508.153.200.149.530,"0,23%"
Vietnam,VNM,2008,35.570.311.546.325.600,"1,84%"
Argentina (urban),-,2009,4.375.893.771.648.400,"0,23%"
Armenia,ARM,2009,28.015.878.796.577.400,"1,45%"
Austria,AUT,2009,31.494.906.544.685.300,"1,63%"
Belarus,BLR,2009,2.768.930.494.785.300,"0,14%"
Belgium,BEL,2009,28.551.191.091.537.400,"1,48%"
Bolivia,BOL,2009,4.922.029.674.053.190,"0,25%"
Botswana,BWA,2009,5.693.109.035.491.940,"0,29%"
Brazil,BRA,2009,5.368.199.944.496.150,"0,28%"
Bulgaria,BGR,2009,33.823.075.890.541.000,"1,75%"
Burkina Faso,BFA,2009,3.976.069.986.820.220,"0,21%"
Canada,CAN,2009,33.953.171.968.460.000,"1,76%"
Chile,CHL,2009,4.740.466.773.509.970,"0,25%"
Colombia,COL,2009,5.408.360.958.099.360,"0,28%"
Costa Rica,CRI,2009,505.546.510.219.574,"0,03%"
Croatia,HRV,2009,32.553.601.264.953.600,"1,68%"
Cyprus,CYP,2009,32.108.262.181.282.000,"1,66%"
Czechia,CZE,2009,26.156.675.815.582.200,"1,35%"
Denmark,DNK,2009,26.701.194.047.927.800,"1,38%"
Dominican Republic,DOM,2009,4.887.566.566.467.280,"0,25%"
Ecuador,ECU,2009,4.849.892.854.690.550,"0,25%"
El Salvador,SLV,2009,45.824.840.664.863.500,"2,37%"
Estonia,EST,2009,3.144.266.605.377.190,"0,16%"
Eswatini,SWZ,2009,5.144.217.014.312.740,"0,27%"
Finland,FIN,2009,27.455.276.250.839.200,"1,42%"
France,FRA,2009,3.266.122.043.132.780,"0,17%"
Georgia,GEO,2009,382.345.050.573.349,"0,02%"
Germany,DEU,2009,3.044.077.157.974.240,"0,16%"
Greece,GRC,2009,3.361.497.223.377.220,"0,17%"
Honduras,HND,2009,5.128.166.675.567.620,"0,27%"
Hungary,HUN,2009,26.959.261.298.179.600,"1,39%"
Iceland,ISL,2009,286.562.442.779.541,"0,01%"
India,IND,2009,2.782.588.601.112.360,"0,14%"
Indonesia,IDN,2009,3.343.270.719.051.360,"0,17%"
Iran,IRN,2009,420.500.248.670.578,"0,02%"
Ireland,IRL,2009,3.268.015.384.674.070,"0,17%"
Israel,ISR,2009,426.432.728.767.395,"0,02%"
Italy,ITA,2009,3.383.304.476.737.970,"0,17%"
Japan,JPN,2009,32.980.555.295.944.200,"1,71%"
Kazakhstan,KAZ,2009,28.208.866.715.431.200,"1,46%"
Kyrgyzstan,KGZ,2009,298.739.492.893.219,"0,02%"
Latvia,LVA,2009,35.945.630.073.547.300,"1,86%"
Lithuania,LTU,2009,3.721.846.342.086.790,"0,19%"
Luxembourg,LUX,2009,311.969.131.231.308,"0,02%"
Maldives,MDV,2009,38.372.763.991.355.800,"1,98%"
Mali,MLI,2009,330.343.633.890.152,"0,02%"
Malta,MLT,2009,30.244.433.879.852.200,"1,56%"
Moldova,MDA,2009,3.291.090.726.852.410,"0,17%"
Namibia,NAM,2009,6.096.469.759.941.100,"0,32%"
Netherlands,NLD,2009,2.788.199.782.371.520,"0,14%"
Nicaragua,NIC,2009,4.394.162.595.272.060,"0,23%"
North Macedonia,MKD,2009,4.276.077.151.298.520,"0,22%"
Norway,NOR,2009,26.158.228.516.578.600,"1,35%"
Palestine,PSE,2009,34.463.974.833.488.400,"1,78%"
Panama,PAN,2009,5.177.022.218.704.220,"0,27%"
Papua New Guinea,PNG,2009,41.850.408.911.705.000,"2,16%"
Paraguay,PRY,2009,49.145.078.659.057.600,"2,54%"
Peru,PER,2009,4.700.601.100.921.630,"0,24%"
Philippines,PHL,2009,41.760.337.352.752.600,"2,16%"
Poland,POL,2009,33.355.721.831.321.700,"1,73%"
Portugal,PRT,2009,3.490.741.550.922.390,"0,18%"
Romania,ROU,2009,3.556.433.618.068.690,"0,18%"
Russia,RUS,2009,39.845.600.724.220.200,"2,06%"
Slovakia,SVK,2009,272.309.809.923.172,"0,01%"
Slovenia,SVN,2009,2.478.773.593.902.580,"0,13%"
South Sudan,SSD,2009,46.315.738.558.769.200,"2,40%"
Spain,ESP,2009,34.924.083.948.135.300,"1,81%"
Sri Lanka,LKA,2009,36.054.152.250.289.900,"1,86%"
Sudan,SDN,2009,35.395.336.151.123.000,"1,83%"
Sweden,SWE,2009,27.339.842.915.534.900,"1,41%"
Switzerland,CHE,2009,3.285.585.641.860.960,"0,17%"
Syria,SYR,2009,40.394.777.059.555.000,"2,09%"
Tajikistan,TJK,2009,30.774.953.961.372.300,"1,59%"
Thailand,THA,2009,39.601.263.403.892.500,"2,05%"
Tonga,TON,2009,3.749.648.928.642.270,"0,19%"
Turkey,TUR,2009,3.896.530.866.622.920,"0,20%"
Uganda,UGA,2009,44.189.682.602.882.300,"2,29%"
Ukraine,UKR,2009,25.316.664.576.530.400,"1,31%"
United Kingdom,GBR,2009,35.139.256.715.774.500,"1,82%"
United States,USA,2009,4.085.213.541.984.550,"0,21%"
Uruguay,URY,2009,45.541.518.926.620.400,"2,36%"
Argentina (urban),-,2010,43.676.555.156.707.700,"2,26%"
Armenia,ARM,2010,299.925.833.940.506,"0,02%"
Australia,AUS,2010,34.657.979.011.535.600,"1,79%"
Austria,AUT,2010,3.025.166.392.326.350,"0,16%"
Bangladesh,BGD,2010,32.130.318.880.081.100,"1,66%"
Belarus,BLR,2010,28.566.598.892.211.900,"1,48%"
Belgium,BEL,2010,2.837.482.988.834.380,"0,15%"
Bulgaria,BGR,2010,3.565.346.598.625.180,"0,18%"
Canada,CAN,2010,3.359.406.590.461.730,"0,17%"
China,CHN,2010,43.744.954.466.819.700,"2,26%"
China (rural),-,2010,4.060.783.088.207.240,"0,21%"
China (urban),-,2010,35.744.521.021.842.900,"1,85%"
Colombia,COL,2010,544.486.939.907.074,"0,03%"
Costa Rica,CRI,2010,48.043.039.441.108.700,"2,48%"
Croatia,HRV,2010,323.729.932.308.197,"0,02%"
Cyprus,CYP,2010,3.145.778.775.215.140,"0,16%"
Czechia,CZE,2010,2.662.351.429.462.430,"0,14%"
Denmark,DNK,2010,27.198.559.045.791.600,"1,41%"
Dominican Republic,DOM,2010,47.325.944.900.512.600,"2,45%"
Ecuador,ECU,2010,4.880.008.399.486.540,"0,25%"
Egypt,EGY,2010,3.019.145.727.157.590,"0,16%"
El Salvador,SLV,2010,43.513.259.291.648.800,"2,25%"
Estonia,EST,2010,3.199.983.835.220.330,"0,17%"
Ethiopia,ETH,2010,3.317.060.172.557.830,"0,17%"
Finland,FIN,2010,2.771.396.338.939.660,"0,14%"
France,FRA,2010,3.372.041.881.084.440,"0,17%"
Gambia,GMB,2010,4.356.842.041.015.620,"0,23%"
Georgia,GEO,2010,39.458.388.090.133.600,"2,04%"
Germany,DEU,2010,30.200.904.607.772.800,"1,56%"
Greece,GRC,2010,34.098.759.293.556.200,"1,76%"
Guinea-Bissau,GNB,2010,5.060.209.035.873.410,"0,26%"
Honduras,HND,2010,5.308.563.709.259.030,"0,27%"
Hungary,HUN,2010,29.444.122.314.453.100,"1,52%"
Iceland,ISL,2010,2.617.129.683.494.560,"0,14%"
Indonesia,IDN,2010,34.586.310.386.657.700,"1,79%"
Ireland,IRL,2010,32.294.827.699.661.200,"1,67%"
Israel,ISR,2010,42.562.443.017.959.500,"2,20%"
Italy,ITA,2010,34.716.856.479.644.700,"1,80%"
Japan,JPN,2010,31.493.285.298.347.400,"1,63%"
Jordan,JOR,2010,3.365.572.988.986.960,"0,17%"
Kazakhstan,KAZ,2010,2.795.451.283.454.890,"0,14%"
Kyrgyzstan,KGZ,2010,3.013.380.467.891.690,"0,16%"
Latvia,LVA,2010,35.030.215.978.622.400,"1,81%"
Lithuania,LTU,2010,3.360.871.374.607.080,"0,17%"
Luxembourg,LUX,2010,3.050.437.867.641.440,"0,16%"
Madagascar,MDG,2010,42.413.926.124.572.700,"2,19%"
Malawi,MWI,2010,45.473.015.308.380.100,"2,35%"
Malta,MLT,2010,29.025.760.293.006.800,"1,50%"
Mexico,MEX,2010,47.657.930.850.982.600,"2,46%"
Moldova,MDA,2010,3.205.091.953.277.580,"0,17%"
Mongolia,MNG,2010,33.081.212.639.808.600,"1,71%"
Nepal,NPL,2010,32.840.585.708.618.100,"1,70%"
Netherlands,NLD,2010,27.845.239.639.282.200,"1,44%"
Nigeria,NGA,2010,35.650.208.592.414.800,"1,84%"
North Macedonia,MKD,2010,40.065.547.823.905.900,"2,07%"
Norway,NOR,2010,2.572.370.767.593.380,"0,13%"
Pakistan,PAK,2010,2.878.086.268.901.820,"0,15%"
Palestine,PSE,2010,3.529.443.144.798.270,"0,18%"
Panama,PAN,2010,5.160.857.439.041.130,"0,27%"
Paraguay,PRY,2010,5.098.243.951.797.480,"0,26%"
Peru,PER,2010,4.553.765.058.517.450,"0,24%"
Poland,POL,2010,33.214.810.490.608.200,"1,72%"
Portugal,PRT,2010,35.844.671.726.226.800,"1,85%"
Romania,ROU,2010,35.471.105.575.561.500,"1,83%"
Russia,RUS,2010,39.548.978.209.495.500,"2,05%"
Rwanda,RWA,2010,4.722.191.393.375.390,"0,24%"
Sao Tome and Principe,STP,2010,3.082.126.975.059.500,"0,16%"
Slovakia,SVK,2010,2.731.572.091.579.430,"0,14%"
Slovenia,SVN,2010,24.933.259.189.128.800,"1,29%"
South Africa,ZAF,2010,6.087.313.890.457.150,"0,31%"
South Korea,KOR,2010,3.202.190.101.146.690,"0,17%"
Spain,ESP,2010,3.524.448.275.566.100,"0,18%"
Sweden,SWE,2010,2.773.614.823.818.200,"0,14%"
Switzerland,CHE,2010,3.255.302.906.036.370,"0,17%"
Taiwan,TWN,2010,3.321.729.898.452.750,"0,17%"
Thailand,THA,2010,3.940.277.099.609.370,"0,20%"
Tunisia,TUN,2010,3.846.648.633.480.070,"0,20%"
Turkey,TUR,2010,3.878.507.912.158.960,"0,20%"
Tuvalu,TUV,2010,391.390.323.638.916,"0,02%"
Ukraine,UKR,2010,2.481.897.622.346.870,"0,13%"
United Kingdom,GBR,2010,3.370.617.926.120.750,"0,17%"
United States,USA,2010,4.024.299.383.163.450,"0,21%"
Uruguay,URY,2010,4.447.481.036.186.210,"0,23%"
Vanuatu,VUT,2010,37.351.298.332.214.300,"1,93%"
Vietnam,VNM,2010,3.925.272.524.356.840,"0,20%"
Zambia,ZMB,2010,5.201.219.916.343.680,"0,27%"
Algeria,DZA,2011,27.615.731.954.574.500,"1,43%"
Argentina (urban),-,2011,42.737.919.092.178.300,"2,21%"
Armenia,ARM,2011,2.935.294.508.934.020,"0,15%"
Austria,AUT,2011,3.080.105.781.555.170,"0,16%"
Belarus,BLR,2011,271.525.502.204.895,"0,01%"
Belgium,BEL,2011,28.060.439.229.011.500,"1,45%"
Benin,BEN,2011,4.343.927.502.632.140,"0,22%"
Bolivia,BOL,2011,4.608.036.279.678.340,"0,24%"
Bosnia and Herzegovina,BIH,2011,3.332.180.380.821.220,"0,17%"
Brazil,BRA,2011,5.294.176.936.149.590,"0,27%"
Bulgaria,BGR,2011,34.274.977.445.602.400,"1,77%"
Canada,CAN,2011,3.265.787.661.075.590,"0,17%"
Chad,TCD,2011,43.320.271.372.795.100,"2,24%"
Chile,CHL,2011,46.868.157.386.779.700,"2,42%"
China,CHN,2011,42.409.223.318.099.900,"2,19%"
China (rural),-,2011,3.849.744.200.706.480,"0,20%"
China (urban),-,2011,3.555.922.508.239.740,"0,18%"
Colombia,COL,2011,533.068.835.735.321,"0,03%"
Congo,COG,2011,4.893.769.323.825.830,"0,25%"
Costa Rica,CRI,2011,48.759.201.169.013.900,"2,52%"
Croatia,HRV,2011,3.225.421.607.494.350,"0,17%"
Cyprus,CYP,2011,3.262.549.936.771.390,"0,17%"
Czechia,CZE,2011,26.381.275.057.792.600,"1,36%"
Denmark,DNK,2011,27.311.745.285.987.800,"1,41%"
Dominican Republic,DOM,2011,47.706.905.007.362.300,"2,47%"
Ecuador,ECU,2011,45.871.636.271.476.700,"2,37%"
El Salvador,SLV,2011,4.231.797.754.764.550,"0,22%"
Estonia,EST,2011,3.248.837.888.240.810,"0,17%"
Finland,FIN,2011,2.764.264.941.215.510,"0,14%"
France,FRA,2011,3.329.474.925.994.870,"0,17%"
Georgia,GEO,2011,3.959.311.544.895.170,"0,20%"
Germany,DEU,2011,30.444.011.092.185.900,"1,57%"
Greece,GRC,2011,3.484.191.596.508.020,"0,18%"
Honduras,HND,2011,5.255.374.312.400.810,"0,27%"
Hungary,HUN,2011,29.157.912.731.170.600,"1,51%"
Iceland,ISL,2011,26.830.270.886.421.200,"1,39%"
India,IND,2011,2.877.688.407.897.940,"0,15%"
Indonesia,IDN,2011,3.792.591.392.993.920,"0,20%"
Iran,IRN,2011,34.661.975.502.967.800,"1,79%"
Ireland,IRL,2011,32.872.188.091.278.000,"1,70%"
Israel,ISR,2011,4.146.207.571.029.660,"0,21%"
Italy,ITA,2011,3.505.309.522.151.940,"0,18%"
Japan,JPN,2011,3.297.654.092.311.850,"0,17%"
Kazakhstan,KAZ,2011,2.798.384.428.024.290,"0,14%"
Kyrgyzstan,KGZ,2011,27.839.699.387.550.300,"1,44%"
Latvia,LVA,2011,35.772.570.967.674.200,"1,85%"
Lebanon,LBN,2011,3.183.245.062.828.060,"0,16%"
Lithuania,LTU,2011,32.486.429.810.523.900,"1,68%"
Luxembourg,LUX,2011,3.205.409.049.987.790,"0,17%"
Malaysia,MYS,2011,435.524.582.862.854,"0,02%"
Malta,MLT,2011,2.914.210.557.937.620,"0,15%"
Moldova,MDA,2011,3.062.857.687.473.290,"0,16%"
Mongolia,MNG,2011,33.883.506.059.646.600,"1,75%"
Netherlands,NLD,2011,27.750.086.784.362.700,"1,44%"
Niger,NER,2011,31.451.714.038.848.800,"1,63%"
North Macedonia,MKD,2011,3.936.067.521.572.110,"0,20%"
Norway,NOR,2011,25.300.168.991.088.800,"1,31%"
Pakistan,PAK,2011,2.969.795.763.492.580,"0,15%"
Palestine,PSE,2011,3.441.523.611.545.560,"0,18%"
Panama,PAN,2011,5.134.671.926.498.410,"0,27%"
Paraguay,PRY,2011,5.230.962.634.086.600,"0,27%"
Peru,PER,2011,4.465.974.271.297.450,"0,23%"
Poland,POL,2011,3.318.064.510.822.290,"0,17%"
Portugal,PRT,2011,36.344.677.209.854.100,"1,88%"
Romania,ROU,2011,35.866.692.662.239.000,"1,85%"
Russia,RUS,2011,3.974.931.538.105.010,"0,21%"
Senegal,SEN,2011,4.027.436.077.594.750,"0,21%"
Sierra Leone,SLE,2011,3.403.017.818.927.760,"0,18%"
Slovakia,SVK,2011,2.653.827.965.259.550,"0,14%"
Slovenia,SVN,2011,24.868.033.826.351.100,"1,29%"
Spain,ESP,2011,35.693.973.302.841.100,"1,85%"
Sweden,SWE,2011,2.760.522.961.616.510,"0,14%"
Switzerland,CHE,2011,3.171.361.982.822.410,"0,16%"
Tanzania,TZA,2011,37.783.148.884.773.200,"1,95%"
Thailand,THA,2011,37.459.033.727.645.800,"1,94%"
Togo,TGO,2011,46.014.833.450.317.300,"2,38%"
Turkey,TUR,2011,400.393.545.627.594,"0,02%"
Ukraine,UKR,2011,24.551.843.106.746.600,"1,27%"
United Kingdom,GBR,2011,3.319.174.349.308.010,"0,17%"
United States,USA,2011,41.164.952.516.555.700,"2,13%"
Uruguay,URY,2011,421.751.469.373.703,"0,02%"
Zimbabwe,ZWE,2011,4.315.357.506.275.170,"0,22%"
Albania,ALB,2012,2.896.048.426.628.110,"0,15%"
Argentina (urban),-,2012,41.437.363.624.572.700,"2,14%"
Armenia,ARM,2012,2.960.226.237.773.890,"0,15%"
Austria,AUT,2012,30.475.616.455.078.100,"1,58%"
Belarus,BLR,2012,2.652.619.779.109.950,"0,14%"
Belgium,BEL,2012,2.749.049.961.566.920,"0,14%"
Bhutan,BTN,2012,3.880.932.629.108.420,"0,20%"
Bolivia,BOL,2012,4.657.996.892.929.070,"0,24%"
Brazil,BRA,2012,5.344.597.697.257.990,"0,28%"
Bulgaria,BGR,2012,36.010.974.645.614.600,"1,86%"
Canada,CAN,2012,3.353.993.594.646.450,"0,17%"
China,CHN,2012,42.237.165.570.259.000,"2,18%"
China (rural),-,2012,39.497.342.705.726.600,"2,04%"
China (urban),-,2012,3.535.335.063.934.320,"0,18%"
Colombia,COL,2012,5.357.121.229.171.750,"0,28%"
Costa Rica,CRI,2012,4.841.729.998.588.560,"0,25%"
Croatia,HRV,2012,32.471.638.917.922.900,"1,68%"
Cyprus,CYP,2012,3.431.243.300.437.920,"0,18%"
Czechia,CZE,2012,2.610.993.981.361.380,"0,14%"
Democratic Republic of Congo,COD,2012,4.207.512.140.274.040,"0,22%"
Denmark,DNK,2012,27.790.749.073.028.500,"1,44%"
Djibouti,DJI,2012,45.106.539.130.210.800,"2,33%"
Dominican Republic,DOM,2012,4.613.354.206.085.200,"0,24%"
Ecuador,ECU,2012,4.610.954.225.063.320,"0,24%"
Egypt,EGY,2012,28.292.202.949.523.900,"1,46%"
El Salvador,SLV,2012,41.828.832.030.296.300,"2,16%"
Estonia,EST,2012,32.913.485.169.410.700,"1,70%"
Finland,FIN,2012,27.096.378.803.253.100,"1,40%"
France,FRA,2012,33.114.859.461.784.300,"1,71%"
Georgia,GEO,2012,3.895.387.053.489.680,"0,20%"
Germany,DEU,2012,3.090.589.940.547.940,"0,16%"
Ghana,GHA,2012,4.237.164.258.956.900,"0,22%"
Greece,GRC,2012,36.250.361.800.193.700,"1,87%"
Guinea,GIN,2012,3.372.970.521.450.040,"0,17%"
Haiti,HTI,2012,6.045.080.423.355.100,"0,31%"
Honduras,HND,2012,533.649.206.161.499,"0,03%"
Hungary,HUN,2012,3.080.250.918.865.200,"0,16%"
Iceland,ISL,2012,26.769.423.484.802.200,"1,38%"
Indonesia,IDN,2012,3.714.888.095.855.710,"0,19%"
Iran,IRN,2012,34.425.538.778.305.000,"1,78%"
Iraq,IRQ,2012,29.541.856.050.491.300,"1,53%"
Ireland,IRL,2012,33.220.013.976.097.100,"1,72%"
Israel,ISR,2012,41.303.592.920.303.300,"2,14%"
Italy,ITA,2012,3.515.157.401.561.730,"0,18%"
Japan,JPN,2012,32.535.320.520.401,"0,00%"
Kazakhstan,KAZ,2012,28.168.821.334.838.800,"1,46%"
Kyrgyzstan,KGZ,2012,2.735.668.420.791.620,"0,14%"
Laos,LAO,2012,35.963.547.229.766.800,"1,86%"
Latvia,LVA,2012,3.523.600.995.540.610,"0,18%"
Lithuania,LTU,2012,35.092.300.176.620.400,"1,81%"
Luxembourg,LUX,2012,343.471.497.297.287,"0,02%"
Madagascar,MDG,2012,426.376.074.552.536,"0,02%"
Malta,MLT,2012,2.936.043.441.295.620,"0,15%"
Mauritius,MUS,2012,3.846.539.855.003.350,"0,20%"
Mexico,MEX,2012,49.597.233.533.859.200,"2,57%"
Moldova,MDA,2012,2.915.883.958.339.690,"0,15%"
Mongolia,MNG,2012,3.375.161.588.191.980,"0,17%"
Montenegro,MNE,2012,4.120.616.912.841.790,"0,21%"
Nauru,NRU,2012,32.361.578.941.345.200,"1,67%"
Netherlands,NLD,2012,27.620.929.479.599,"0,00%"
Nigeria,NGA,2012,35.513.007.640.838.600,"1,84%"
North Macedonia,MKD,2012,3.813.239.634.037.010,"0,20%"
Norway,NOR,2012,25.725.996.494.293.200,"1,33%"
Panama,PAN,2012,5.173.878.073.692.320,"0,27%"
Paraguay,PRY,2012,47.633.564.472.198.400,"2,46%"
Peru,PER,2012,4.444.001.615.047.450,"0,23%"
Philippines,PHL,2012,42.224.329.710.006.700,"2,18%"
Poland,POL,2012,3.302.015.960.216.520,"0,17%"
Portugal,PRT,2012,3.603.479.266.166.680,"0,19%"
Romania,ROU,2012,36.545.470.356.941.200,"1,89%"
Russia,RUS,2012,4.071.482.717.990.870,"0,21%"
Serbia,SRB,2012,3.988.659.977.912.900,"0,21%"
Slovakia,SVK,2012,2.611.581.087.112.420,"0,14%"
Slovenia,SVN,2012,2.558.550.238.609.310,"0,13%"
Solomon Islands,SLB,2012,3.705.492.615.699.760,"0,19%"
South Korea,KOR,2012,3.155.885.934.829.710,"0,16%"
Spain,ESP,2012,3.540.365.993.976.590,"0,18%"
Sri Lanka,LKA,2012,3.871.360.719.203.940,"0,20%"
Sweden,SWE,2012,2.764.386.534.690.850,"0,14%"
Switzerland,CHE,2012,31.567.126.512.527.400,"1,63%"
Thailand,THA,2012,3.925.666.809.082.030,"0,20%"
Turkey,TUR,2012,4.016.893.804.073.330,"0,21%"
Uganda,UGA,2012,41.009.339.690.208.400,"2,12%"
Ukraine,UKR,2012,24.740.657.210.350.000,"1,28%"
United Kingdom,GBR,2012,33.091.461.658.477.700,"1,71%"
United States,USA,2012,4.115.743.935.108.180,"0,21%"
Uruguay,URY,2012,39.900.434.017.181.300,"2,06%"
Vietnam,VNM,2012,3.564.588.725.566.860,"0,18%"
Argentina (urban),-,2013,41.086.459.159.851.000,"2,12%"
Armenia,ARM,2013,30.579.662.322.998.000,"1,58%"
Austria,AUT,2013,3.075.290.620.326.990,"0,16%"
Belarus,BLR,2013,265.750.527.381.897,"0,01%"
Belgium,BEL,2013,2.766.885.757.446.280,"0,14%"
Bolivia,BOL,2013,475.885.808.467.865,"0,02%"
Brazil,BRA,2013,5.271.087.288.856.500,"0,27%"
Bulgaria,BGR,2013,36.570.894.718.170.100,"1,89%"
Burundi,BDI,2013,38.623.976.707.458.400,"2,00%"
Canada,CAN,2013,3.380.000.591.278.070,"0,17%"
Chile,CHL,2013,4.682.393.968.105.310,"0,24%"
China,CHN,2013,3.973.639.905.452.720,"0,21%"
China (rural),-,2013,3.397.101.163.864.130,"0,18%"
China (urban),-,2013,36.686.229.705.810.500,"1,90%"
Colombia,COL,2013,5.353.052.020.072.930,"0,28%"
Costa Rica,CRI,2013,4.915.180.802.345.270,"0,25%"
Croatia,HRV,2013,31.992.214.918.136.500,"1,65%"
Cyprus,CYP,2013,37.041.833.996.772.700,"1,92%"
Czechia,CZE,2013,2.647.390.365.600.580,"0,14%"
Denmark,DNK,2013,28.542.548.418.045.000,"1,48%"
Djibouti,DJI,2013,4.411.860.406.398.770,"0,23%"
Dominican Republic,DOM,2013,4.765.639.305.114.740,"0,25%"
Ecuador,ECU,2013,4.686.249.792.575.830,"0,24%"
El Salvador,SLV,2013,4.335.865.080.356.590,"0,22%"
Estonia,EST,2013,35.075.488.686.561.500,"1,81%"
Fiji,FJI,2013,36.696.597.933.769.200,"1,90%"
Finland,FIN,2013,27.193.668.484.687.800,"1,41%"
France,FRA,2013,3.251.255.452.632.900,"0,17%"
Georgia,GEO,2013,38.588.786.125.183.100,"2,00%"
Germany,DEU,2013,3.142.034.113.407.130,"0,16%"
Greece,GRC,2013,3.612.728.714.942.930,"0,19%"
Honduras,HND,2013,49.958.476.424.217.200,"2,58%"
Hungary,HUN,2013,31.504.103.541.374.200,"1,63%"
Iceland,ISL,2013,25.402.915.477.752.600,"1,31%"
Indonesia,IDN,2013,38.926.851.749.420.100,"2,01%"
Iran,IRN,2013,3.396.950.960.159.300,"0,18%"
Ireland,IRL,2013,334.856.778.383.255,"0,02%"
Israel,ISR,2013,3.987.257.778.644.560,"0,21%"
Italy,ITA,2013,3.490.581.214.427.940,"0,18%"
Japan,JPN,2013,31.534.457.206.726.000,"1,63%"
Kazakhstan,KAZ,2013,2.706.542.909.145.350,"0,14%"
Kyrgyzstan,KGZ,2013,28.814.631.700.515.700,"1,49%"
Latvia,LVA,2013,3.549.732.267.856.590,"0,18%"
Lithuania,LTU,2013,3.530.731.797.218.320,"0,18%"
Luxembourg,LUX,2013,32.035.958.766.937.200,"1,66%"
Malaysia,MYS,2013,4.134.882.688.522.330,"0,21%"
Malta,MLT,2013,2.884.366.512.298.580,"0,15%"
Micronesia (country),FSM,2013,400.520.384.311.676,"0,02%"
Moldova,MDA,2013,2.853.415.906.429.290,"0,15%"
Montenegro,MNE,2013,39.021.727.442.741.300,"2,02%"
Morocco,MAR,2013,3.954.850.733.280.180,"0,20%"
Netherlands,NLD,2013,28.106.480.836.868.200,"1,45%"
North Macedonia,MKD,2013,3.623.913.824.558.250,"0,19%"
Norway,NOR,2013,2.636.111.080.646.510,"0,14%"
Pakistan,PAK,2013,29.528.573.155.403.100,"1,53%"
Panama,PAN,2013,5.145.573.616.027.830,"0,27%"
Paraguay,PRY,2013,47.935.357.689.857.400,"2,48%"
Peru,PER,2013,43.882.715.702.056.800,"2,27%"
Poland,POL,2013,3.313.732.147.216.790,"0,17%"
Portugal,PRT,2013,36.187.103.390.693.600,"1,87%"
Romania,ROU,2013,36.915.120.482.444.700,"1,91%"
Russia,RUS,2013,4.088.442.325.592.040,"0,21%"
Rwanda,RWA,2013,4.511.156.678.199.760,"0,23%"
Samoa,WSM,2013,38.743.454.217.910.700,"2,00%"
Serbia,SRB,2013,3.944.474.756.717.680,"0,20%"
Seychelles,SYC,2013,4.682.198.166.847.220,"0,24%"
Slovakia,SVK,2013,2.808.615.267.276.760,"0,15%"
Slovenia,SVN,2013,26.241.105.794.906.600,"1,36%"
Spain,ESP,2013,36.181.896.924.972.500,"1,87%"
Sweden,SWE,2013,28.822.746.872.901.900,"1,49%"
Switzerland,CHE,2013,32.462.188.601.493.800,"1,68%"
Taiwan,TWN,2013,3.247.661.292.552.940,"0,17%"
Thailand,THA,2013,3.784.710.764.884.940,"0,20%"
Turkey,TUR,2013,4.017.849.862.575.530,"0,21%"
Ukraine,UKR,2013,24.554.985.761.642.400,"1,27%"
United Arab Emirates,ARE,2013,3.251.042.068.004.600,"0,17%"
United Kingdom,GBR,2013,3.270.029.127.597.800,"0,17%"
United States,USA,2013,4.087.271.988.391.870,"0,21%"
Uruguay,URY,2013,40.450.793.504.714.900,"2,09%"
Albania,ALB,2014,3.459.889.590.740.200,"0,18%"
Argentina (urban),-,2014,41.822.484.135.627.700,"2,16%"
Armenia,ARM,2014,3.148.328.959.941.860,"0,16%"
Australia,AUS,2014,34.400.472.044.944.700,"1,78%"
Austria,AUT,2014,30.535.373.091.697.600,"1,58%"
Belarus,BLR,2014,27.176.666.259.765.600,"1,41%"
Belgium,BEL,2014,2.813.401.222.229.000,"0,15%"
Bolivia,BOL,2014,47.829.169.034.957.800,"2,47%"
Brazil,BRA,2014,5.205.163.359.642.020,"0,27%"
Bulgaria,BGR,2014,3.741.585.314.273.830,"0,19%"
Burkina Faso,BFA,2014,3.530.122.637.748.710,"0,18%"
Cameroon,CMR,2014,46.640.872.955.322.200,"2,41%"
Canada,CAN,2014,3.315.858.840.942.380,"0,17%"
China,CHN,2014,39.177.653.193.473.800,"2,03%"
China (rural),-,2014,3.375.639.021.396.630,"0,17%"
China (urban),-,2014,36.429.673.433.303.800,"1,88%"
Colombia,COL,2014,5.355.020.761.489.860,"0,28%"
Comoros,COM,2014,4.533.218.741.416.930,"0,23%"
Costa Rica,CRI,2014,4.863.209.128.379.820,"0,25%"
Croatia,HRV,2014,32.102.909.684.181.200,"1,66%"
Cyprus,CYP,2014,3.556.528.389.453.880,"0,18%"
Czechia,CZE,2014,25.923.222.303.390.500,"1,34%"
Denmark,DNK,2014,28.352.880.477.905.200,"1,47%"
Dominican Republic,DOM,2014,44.279.468.059.539.700,"2,29%"
East Timor,TLS,2014,2.865.292.727.947.230,"0,15%"
Ecuador,ECU,2014,44.992.679.357.528.600,"2,33%"
El Salvador,SLV,2014,4.155.943.989.753.720,"0,21%"
Estonia,EST,2014,3.458.777.964.115.140,"0,18%"
Finland,FIN,2014,2.677.680.552.005.760,"0,14%"
France,FRA,2014,32.262.158.393.859.800,"1,67%"
Georgia,GEO,2014,3.755.413.293.838.500,"0,19%"
Germany,DEU,2014,30.797.404.050.827.000,"1,59%"
Greece,GRC,2014,35.804.522.037.506.100,"1,85%"
Guatemala,GTM,2014,4.832.651.913.166.040,"0,25%"
Honduras,HND,2014,49.874.868.988.990.700,"2,58%"
Hungary,HUN,2014,30.913.037.061.691.200,"1,60%"
Iceland,ISL,2014,27.800.416.946.411.100,"1,44%"
Indonesia,IDN,2014,3.877.997.100.353.240,"0,20%"
Iran,IRN,2014,3.481.402.099.132.530,"0,18%"
Ireland,IRL,2014,3.187.445.402.145.380,"0,16%"
Israel,ISR,2014,3.975.706.696.510.310,"0,21%"
Italy,ITA,2014,34.652.501.344.680.700,"1,79%"
Japan,JPN,2014,31.278.368.830.680.800,"1,62%"
Kazakhstan,KAZ,2014,270.158.588.886.261,"0,01%"
Kyrgyzstan,KGZ,2014,26.819.002.628.326.400,"1,39%"
Latvia,LVA,2014,351.136.177.778.244,"0,02%"
Liberia,LBR,2014,3.323.788.344.860.070,"0,17%"
Lithuania,LTU,2014,37.675.023.078.918.400,"1,95%"
Luxembourg,LUX,2014,31.158.068.776.130.600,"1,61%"
Malta,MLT,2014,2.902.034.521.102.900,"0,15%"
Mauritania,MRT,2014,32.619.351.148.605.300,"1,69%"
Mexico,MEX,2014,4.891.233.742.237.090,"0,25%"
Moldova,MDA,2014,26.833.853.125.572.200,"1,39%"
Mongolia,MNG,2014,3.203.778.862.953.180,"0,17%"
Montenegro,MNE,2014,3.876.928.687.095.640,"0,20%"
Mozambique,MOZ,2014,5.395.342.707.633.970,"0,28%"
Netherlands,NLD,2014,2.863.141.894.340.510,"0,15%"
Nicaragua,NIC,2014,4.615.629.315.376.280,"0,24%"
Niger,NER,2014,342.765.748.500.824,"0,02%"
North Macedonia,MKD,2014,3.520.165.979.862.210,"0,18%"
Norway,NOR,2014,2.675.256.133.079.520,"0,14%"
Panama,PAN,2014,5.046.523.809.432.980,"0,26%"
Paraguay,PRY,2014,5.070.264.339.447.020,"0,26%"
Peru,PER,2014,43.138.808.012.008.600,"2,23%"
Poland,POL,2014,3.282.444.477.081.290,"0,17%"
Portugal,PRT,2014,35.562.172.532.081.600,"1,84%"
Romania,ROU,2014,36.009.106.040.000.900,"1,86%"
Russia,RUS,2014,3.988.122.045.993.800,"0,21%"
Serbia,SRB,2014,4.043.598.473.072.050,"0,21%"
Slovakia,SVK,2014,26.103.442.907.333.300,"1,35%"
Slovenia,SVN,2014,256.575.345.993.042,"0,01%"
South Africa,ZAF,2014,5.963.907.837.867.730,"0,31%"
South Korea,KOR,2014,3.119.357.228.279.110,"0,16%"
Spain,ESP,2014,3.605.230.748.653.410,"0,19%"
Sudan,SDN,2014,34.242.942.929.267.800,"1,77%"
Sweden,SWE,2014,2.838.863.730.430.600,"0,15%"
Switzerland,CHE,2014,3.252.565.860.748.290,"0,17%"
Thailand,THA,2014,3.703.266.382.217.400,"0,19%"
Turkey,TUR,2014,4.123.656.153.678.890,"0,21%"
Ukraine,UKR,2014,24.025.365.710.258.400,"1,24%"
United Kingdom,GBR,2014,3.314.172.327.518.460,"0,17%"
United States,USA,2014,41.738.635.301.589.900,"2,16%"
Uruguay,URY,2014,4.011.094.272.136.680,"0,21%"
Vietnam,VNM,2014,3.475.537.598.133.080,"0,18%"
Yemen,YEM,2014,3.670.709.431.171.410,"0,19%"
Albania,ALB,2015,32.753.732.800.483.700,"1,69%"
Armenia,ARM,2015,3.235.677.182.674.400,"0,17%"
Austria,AUT,2015,3.053.083.121.776.580,"0,16%"
Belarus,BLR,2015,25.633.224.844.932.500,"1,33%"
Belgium,BEL,2015,2.772.930.860.519.400,"0,14%"
Benin,BEN,2015,4.760.386.049.747.460,"0,25%"
Bolivia,BOL,2015,4.673.164.486.885.070,"0,24%"
Bosnia and Herzegovina,BIH,2015,3.293.428.421.020.500,"0,17%"
Botswana,BWA,2015,5.490.735.769.271.850,"0,28%"
Brazil,BRA,2015,5.193.667.411.804.190,"0,27%"
Bulgaria,BGR,2015,38.564.378.023.147.500,"1,99%"
Canada,CAN,2015,33.747.410.774.230.900,"1,75%"
Cape Verde,CPV,2015,4.238.108.694.553.370,"0,22%"
Chile,CHL,2015,45.343.348.383.903.500,"2,35%"
China,CHN,2015,38.595.303.893.089.200,"2,00%"
China (rural),-,2015,33.242.806.792.259.200,"1,72%"
China (urban),-,2015,36.156.222.224.235.500,"1,87%"
Colombia,COL,2015,5.201.959.609.985.350,"0,27%"
Costa Rica,CRI,2015,4.837.394.952.774.040,"0,25%"
Cote d'Ivoire,CIV,2015,414.688.378.572.464,"0,02%"
Croatia,HRV,2015,3.111.312.985.420.220,"0,16%"
Cyprus,CYP,2015,3.396.637.737.751.000,"0,18%"
Czechia,CZE,2015,2.586.742.639.541.620,"0,13%"
Denmark,DNK,2015,2.817.724.347.114.560,"0,15%"
Dominican Republic,DOM,2015,45.181.024.074.554.400,"2,34%"
Ecuador,ECU,2015,45.951.008.796.691.800,"2,38%"
Egypt,EGY,2015,31.823.357.939.720.100,"1,65%"
El Salvador,SLV,2015,40.551.814.436.912.500,"2,10%"
Estonia,EST,2015,3.266.787.528.991.690,"0,17%"
Ethiopia,ETH,2015,3.499.312.400.817.870,"0,18%"
Finland,FIN,2015,2.710.181.176.662.440,"0,14%"
France,FRA,2015,3.270.423.114.299.770,"0,17%"
Gambia,GMB,2015,3.591.883.182.525.630,"0,19%"
Georgia,GEO,2015,3.650.367.558.002.470,"0,19%"
Germany,DEU,2015,3.140.551.447.868.340,"0,16%"
Greece,GRC,2015,359.968.364.238.739,"0,02%"
Honduras,HND,2015,49.248.698.353.767.300,"2,55%"
Hungary,HUN,2015,30.407.091.975.212.000,"1,57%"
Iceland,ISL,2015,2.678.797.245.025.630,"0,14%"
Indonesia,IDN,2015,38.207.533.955.574.000,"1,98%"
Iran,IRN,2015,35.264.045.000.076.200,"1,82%"
Ireland,IRL,2015,3.182.036.876.678.460,"0,16%"
Israel,ISR,2015,39.712.274.074.554.400,"2,05%"
Italy,ITA,2015,35.390.204.191.207.800,"1,83%"
Japan,JPN,2015,30.702.149.868.011.400,"1,59%"
Kazakhstan,KAZ,2015,2.680.366.635.322.570,"0,14%"
Kenya,KEN,2015,4.077.487.885.951.990,"0,21%"
Kyrgyzstan,KGZ,2015,28.997.769.951.820.300,"1,50%"
Latvia,LVA,2015,34.202.468.395.233.100,"1,77%"
Lithuania,LTU,2015,3.737.030.029.296.870,"0,19%"
Luxembourg,LUX,2015,3.292.146.921.157.830,"0,17%"
Malaysia,MYS,2015,41.066.399.216.651.900,"2,12%"
Malta,MLT,2015,2.943.377.196.788.780,"0,15%"
Moldova,MDA,2015,270.281.583.070.755,"0,01%"
Montenegro,MNE,2015,39.005.032.181.739.800,"2,02%"
Myanmar,MMR,2015,38.068.509.101.867.600,"1,97%"
Namibia,NAM,2015,5.906.661.152.839.660,"0,31%"
Netherlands,NLD,2015,28.241.580.724.716.100,"1,46%"
Nigeria,NGA,2015,3.587.977.886.199.950,"0,19%"
North Macedonia,MKD,2015,3.559.069.335.460.660,"0,18%"
Norway,NOR,2015,2.749.675.512.313.840,"0,14%"
Pakistan,PAK,2015,3.129.126.727.581.020,"0,16%"
Panama,PAN,2015,5.080.543.160.438.530,"0,26%"
Paraguay,PRY,2015,4.760.573.208.332.060,"0,25%"
Peru,PER,2015,4.335.605.502.128.600,"0,22%"
Philippines,PHL,2015,4.035.149.812.698.360,"0,21%"
Poland,POL,2015,31.750.911.474.227.900,"1,64%"
Portugal,PRT,2015,35.523.301.362.991.300,"1,84%"
Romania,ROU,2015,35.913.631.319.999.600,"1,86%"
Russia,RUS,2015,37.710.538.506.507.800,"1,95%"
Saint Lucia,LCA,2015,5.122.506.618.499.750,"0,26%"
Serbia,SRB,2015,40.460.243.821.144.100,"2,09%"
Slovakia,SVK,2015,26.491.236.686.706.500,"1,37%"
Slovenia,SVN,2015,25.408.464.670.181.200,"1,31%"
Spain,ESP,2015,36.178.335.547.447.200,"1,87%"
Sweden,SWE,2015,2.920.967.936.515.800,"0,15%"
Switzerland,CHE,2015,32.306.957.244.873.000,"1,67%"
Tajikistan,TJK,2015,3.399.553.596.973.410,"0,18%"
Thailand,THA,2015,35.987.332.463.264.400,"1,86%"
Togo,TGO,2015,43.028.557.300.567.600,"2,23%"
Tonga,TON,2015,3.352.130.353.450.770,"0,17%"
Tunisia,TUN,2015,32.815.882.563.591.000,"1,70%"
Turkey,TUR,2015,4.285.445.809.364.310,"0,22%"
Ukraine,UKR,2015,2.545.754.015.445.700,"0,13%"
United Kingdom,GBR,2015,3.331.262.767.314.910,"0,17%"
United States,USA,2015,41.457.438.468.933.100,"2,14%"
Uruguay,URY,2015,4.012.860.059.738.150,"0,21%"
Zambia,ZMB,2015,5.584.074.854.850.760,"0,29%"
Albania,ALB,2016,33.736.297.488.212.500,"1,74%"
Argentina (urban),-,2016,4.234.500.825.405.120,"0,22%"
Armenia,ARM,2016,3.254.794.776.439.660,"0,17%"
Australia,AUS,2016,3.368.617.296.218.870,"0,17%"
Austria,AUT,2016,3.079.513.907.432.550,"0,16%"
Bangladesh,BGD,2016,3.238.527.178.764.340,"0,17%"
Barbados,BRB,2016,3.406.803.607.940.670,"0,18%"
Belarus,BLR,2016,25.306.615.233.421.300,"1,31%"
Belgium,BEL,2016,2.758.074.104.785.910,"0,14%"
Bolivia,BOL,2016,45.240.822.434.425.300,"2,34%"
Brazil,BRA,2016,5.336.230.397.224.420,"0,28%"
Bulgaria,BGR,2016,40.589.675.307.273.800,"2,10%"
Canada,CAN,2016,32.702.723.145.484.900,"1,69%"
China,CHN,2016,38.480.517.268.180.800,"1,99%"
China (rural),-,2016,33.179.837.465.286.200,"1,72%"
China (urban),-,2016,361.248.254.776.001,"0,02%"
Colombia,COL,2016,5.172.199.010.848.990,"0,27%"
Costa Rica,CRI,2016,4.870.411.157.608.030,"0,25%"
Croatia,HRV,2016,30.897.873.640.060.400,"1,60%"
Cyprus,CYP,2016,3.289.168.179.035.180,"0,17%"
Czechia,CZE,2016,25.406.333.804.130.500,"1,31%"
Denmark,DNK,2016,281.874.418.258.667,"0,01%"
Dominican Republic,DOM,2016,4.572.271.406.650.540,"0,24%"
Ecuador,ECU,2016,4.501.645.565.032.950,"0,23%"
El Salvador,SLV,2016,39.978.542.923.927.300,"2,07%"
Estonia,EST,2016,31.194.671.988.487.200,"1,61%"
Eswatini,SWZ,2016,5.457.979.440.689.080,"0,28%"
Finland,FIN,2016,2.707.842.290.401.450,"0,14%"
France,FRA,2016,3.192.351.758.480.070,"0,17%"
Georgia,GEO,2016,3.663.964.867.591.850,"0,19%"
Germany,DEU,2016,31.318.479.776.382.400,"1,62%"
Ghana,GHA,2016,4.350.859.522.819.510,"0,23%"
Greece,GRC,2016,3.495.604.395.866.390,"0,18%"
Honduras,HND,2016,4.979.712.963.104.240,"0,26%"
Hungary,HUN,2016,30.324.020.981.788.600,"1,57%"
Iceland,ISL,2016,272.411.048.412.323,"0,01%"
Indonesia,IDN,2016,3.688.569.962.978.360,"0,19%"
Iran,IRN,2016,3.591.230.809.688.560,"0,19%"
Ireland,IRL,2016,3.280.714.452.266.690,"0,17%"
Israel,ISR,2016,3.901.195.526.123.040,"0,20%"
Italy,ITA,2016,3.523.975.908.756.250,"0,18%"
Japan,JPN,2016,3.184.143.602.848.050,"0,16%"
Kazakhstan,KAZ,2016,27.225.324.511.528.000,"1,41%"
Kyrgyzstan,KGZ,2016,2.678.067.684.173.580,"0,14%"
Latvia,LVA,2016,3.432.884.216.308.590,"0,18%"
Liberia,LBR,2016,3.526.543.974.876.400,"0,18%"
Lithuania,LTU,2016,38.385.841.250.419.600,"1,99%"
Luxembourg,LUX,2016,3.172.789.514.064.780,"0,16%"
Malawi,MWI,2016,446.943.074.464.798,"0,02%"
Maldives,MDV,2016,3.128.564.655.780.790,"0,16%"
Malta,MLT,2016,2.908.901.572.227.470,"0,15%"
Mexico,MEX,2016,4.691.242.277.622.220,"0,24%"
Moldova,MDA,2016,263.453.871.011.734,"0,01%"
Mongolia,MNG,2016,3.234.573.304.653.160,"0,17%"
Montenegro,MNE,2016,38.466.501.235.961.900,"1,99%"
Netherlands,NLD,2016,28.173.568.844.795.200,"1,46%"
North Macedonia,MKD,2016,3.453.451.991.081.230,"0,18%"
Norway,NOR,2016,2.849.334.180.355.070,"0,15%"
Palestine,PSE,2016,33.690.041.303.634.600,"1,74%"
Panama,PAN,2016,5.040.669.441.223.140,"0,26%"
Paraguay,PRY,2016,4.789.971.709.251.400,"0,25%"
Peru,PER,2016,4.363.897.144.794.460,"0,23%"
Poland,POL,2016,31.189.167.499.542.200,"1,61%"
Portugal,PRT,2016,3.519.051.969.051.360,"0,18%"
Romania,ROU,2016,34.406.667.947.769.100,"1,78%"
Russia,RUS,2016,3.684.850.037.097.930,"0,19%"
Rwanda,RWA,2016,43.709.510.564.804.000,"2,26%"
Serbia,SRB,2016,387.736.439.704.895,"0,02%"
Slovakia,SVK,2016,25.154.969.096.183.700,"1,30%"
Slovenia,SVN,2016,24.757.936.596.870.400,"1,28%"
South Korea,KOR,2016,35.223.618.149.757.300,"1,82%"
South Sudan,SSD,2016,44.047.811.627.388,"0,00%"
Spain,ESP,2016,35.757.091.641.426.000,"1,85%"
Sri Lanka,LKA,2016,3.934.577.405.452.720,"0,20%"
Sweden,SWE,2016,2.956.119.775.772.090,"0,15%"
Switzerland,CHE,2016,3.304.245.173.931.120,"0,17%"
Taiwan,TWN,2016,3.144.975.006.580.350,"0,16%"
Thailand,THA,2016,3.669.142.425.060.270,"0,19%"
Turkey,TUR,2016,4.187.370.538.711.540,"0,22%"
Uganda,UGA,2016,4.275.335.967.540.740,"0,22%"
Ukraine,UKR,2016,2.500.220.239.162.440,"0,13%"
United Kingdom,GBR,2016,3.311.035.931.110.380,"0,17%"
United States,USA,2016,4.133.145.213.127.130,"0,21%"
Uruguay,URY,2016,3.969.535.529.613.490,"0,21%"
Vietnam,VNM,2016,3.526.673.913.002.010,"0,18%"
Albania,ALB,2017,33.055.663.108.825.600,"1,71%"
Argentina (urban),-,2017,41.434.797.644.615.100,"2,14%"
Armenia,ARM,2017,33.621.838.688.850.400,"1,74%"
Austria,AUT,2017,2.973.693.013.191.220,"0,15%"
Belarus,BLR,2017,2.544.457.018.375.390,"0,13%"
Belgium,BEL,2017,27.387.648.820.877.000,"1,42%"
Bhutan,BTN,2017,3.744.140.863.418.570,"0,19%"
Bolivia,BOL,2017,44.617.795.944.213.800,"2,31%"
Brazil,BRA,2017,5.328.665.971.755.980,"0,28%"
Bulgaria,BGR,2017,4.037.896.394.729.610,"0,21%"
Canada,CAN,2017,3.330.910.801.887.510,"0,17%"
Chile,CHL,2017,45.269.984.006.881.700,"2,34%"
China,CHN,2017,3.907.577.693.462.370,"0,20%"
China (rural),-,2017,3.425.598.442.554.470,"0,18%"
China (urban),-,2017,36.941.930.651.664.700,"1,91%"
Colombia,COL,2017,5.092.157.125.473.020,"0,26%"
Costa Rica,CRI,2017,4.834.520.220.756.530,"0,25%"
Croatia,HRV,2017,3.035.227.358.341.210,"0,16%"
Cyprus,CYP,2017,31.416.234.374.046.300,"1,62%"
Czechia,CZE,2017,2.485.221.028.327.940,"0,13%"
Denmark,DNK,2017,2.874.666.154.384.610,"0,15%"
Djibouti,DJI,2017,4.158.601.462.841.030,"0,22%"
Dominican Republic,DOM,2017,42.193.278.670.310.900,"2,18%"
Ecuador,ECU,2017,44.670.116.901.397.700,"2,31%"
Egypt,EGY,2017,3.153.395.354.747.770,"0,16%"
El Salvador,SLV,2017,38.013.309.240.341.100,"1,97%"
Estonia,EST,2017,303.542.822.599.411,"0,02%"
Finland,FIN,2017,27.382.832.765.579.200,"1,42%"
France,FRA,2017,3.163.205.087.184.900,"0,16%"
Gabon,GAB,2017,380.243.718.624.115,"0,02%"
Georgia,GEO,2017,3.793.957.531.452.170,"0,20%"
Germany,DEU,2017,3.131.583.333.015.440,"0,16%"
Greece,GRC,2017,34.350.308.775.901.700,"1,78%"
Honduras,HND,2017,49.444.568.157.196.000,"2,56%"
Hungary,HUN,2017,30.582.544.207.572.900,"1,58%"
Iceland,ISL,2017,26.131.579.279.899.500,"1,35%"
Indonesia,IDN,2017,363.678.902.387.619,"0,02%"
Iran,IRN,2017,3.669.367.730.617.520,"0,19%"
Ireland,IRL,2017,3.135.872.185.230.250,"0,16%"
Israel,ISR,2017,3.821.011.781.692.500,"0,20%"
Italy,ITA,2017,3.592.233.657.836.910,"0,19%"
Japan,JPN,2017,3.179.309.070.110.320,"0,16%"
Kazakhstan,KAZ,2017,2.745.027.542.114.250,"0,14%"
Kosovo,OWID_KOS,2017,4.419.405.162.334.440,"0,23%"
Kyrgyzstan,KGZ,2017,2.733.500.897.884.360,"0,14%"
Latvia,LVA,2017,35.571.014.881.134.000,"1,84%"
Lesotho,LSO,2017,44.877.612.590.789.700,"2,32%"
Lithuania,LTU,2017,37.283.584.475.517.200,"1,93%"
Luxembourg,LUX,2017,34.515.291.452.407.800,"1,79%"
Malta,MLT,2017,2.923.223.674.297.330,"0,15%"
Mauritius,MUS,2017,3.676.120.638.847.350,"0,19%"
Moldova,MDA,2017,25.899.243.354.797.300,"1,34%"
Montenegro,MNE,2017,36.880.922.317.504.800,"1,91%"
Myanmar,MMR,2017,30.696.868.896.484.300,"1,59%"
Netherlands,NLD,2017,2.853.580.713.272.090,"0,15%"
North Macedonia,MKD,2017,34.198.907.017.707.800,"1,77%"
Norway,NOR,2017,2.698.674.499.988.550,"0,14%"
Panama,PAN,2017,4.988.425.076.007.840,"0,26%"
Paraguay,PRY,2017,48.547.491.431.236.200,"2,51%"
Peru,PER,2017,43.292.665.481.567.300,"2,24%"
Poland,POL,2017,296.852.707.862.854,"0,02%"
Portugal,PRT,2017,3.380.384.147.167.200,"0,17%"
Qatar,QAT,2017,35.128.384.828.567.500,"1,82%"
Romania,ROU,2017,360.126.256.942.749,"0,02%"
Russia,RUS,2017,3.723.907.172.679.900,"0,19%"
Sao Tome and Principe,STP,2017,4.072.948.098.182.670,"0,21%"
Serbia,SRB,2017,36.104.488.372.802.700,"1,87%"
Slovakia,SVK,2017,2.323.736.548.423.760,"0,12%"
Slovenia,SVN,2017,2.421.930.730.342.860,"0,13%"
South Korea,KOR,2017,34.855.952.858.924.800,"1,80%"
Spain,ESP,2017,3.465.125.560.760.490,"0,18%"
Sweden,SWE,2017,2.877.413.332.462.310,"0,15%"
Switzerland,CHE,2017,3.267.633.318.901.060,"0,17%"
Taiwan,TWN,2017,31.756.019.592.285.100,"1,64%"
Thailand,THA,2017,36.382.803.320.884.700,"1,88%"
Turkey,TUR,2017,4.353.172.481.060.020,"0,23%"
Ukraine,UKR,2017,2.604.904.770.851.130,"0,13%"
United Kingdom,GBR,2017,32.609.274.983.406.000,"1,69%"
United States,USA,2017,4.138.738.512.992.850,"0,21%"
Uruguay,URY,2017,3.946.439.027.786.250,"0,20%"
Zimbabwe,ZWE,2017,4.433.708.190.917.960,"0,23%"
Albania,ALB,2018,30.148.282.647.132.800,"1,56%"
Angola,AGO,2018,5.126.428.604.125.970,"0,27%"
Argentina (urban),-,2018,41.718.968.749.046.300,"2,16%"
Armenia,ARM,2018,34.433.498.978.614.800,"1,78%"
Australia,AUS,2018,34.334.737.062.454.200,"1,78%"
Austria,AUT,2018,30.847.421.288.490.200,"1,60%"
Belarus,BLR,2018,2.524.052.560.329.430,"0,13%"
Belgium,BEL,2018,2.721.419.930.458.060,"0,14%"
Belize,BLZ,2018,39.949.584.007.263.100,"2,07%"
Benin,BEN,2018,37.948.644.161.224.300,"1,96%"
Bolivia,BOL,2018,4.257.908.761.501.310,"0,22%"
Brazil,BRA,2018,5.389.050.245.285.030,"0,28%"
Bulgaria,BGR,2018,41.284.075.379.371.600,"2,14%"
Burkina Faso,BFA,2018,4.301.673.173.904.410,"0,22%"
Canada,CAN,2018,32.510.149.478.912.300,"1,68%"
Chad,TCD,2018,3.749.915.361.404.410,"0,19%"
China,CHN,2018,38.497.641.682.624.800,"1,99%"
China (rural),-,2018,33.541.563.153.266.900,"1,73%"
China (urban),-,2018,36.906.132.102.012.600,"1,91%"
Colombia,COL,2018,5.163.972.973.823.540,"0,27%"
Costa Rica,CRI,2018,47.969.961.166.381.800,"2,48%"
Cote d'Ivoire,CIV,2018,37.168.875.336.647.000,"1,92%"
Croatia,HRV,2018,2.972.862.422.466.270,"0,15%"
Cyprus,CYP,2018,32.739.752.531.051.600,"1,69%"
Czechia,CZE,2018,24.990.341.067.314.100,"1,29%"
Denmark,DNK,2018,28.165.727.853.775.000,"1,46%"
Dominican Republic,DOM,2018,4.368.615.746.498.100,"0,23%"
Ecuador,ECU,2018,4.543.803.036.212.920,"0,24%"
El Salvador,SLV,2018,3.861.057.162.284.850,"0,20%"
Estonia,EST,2018,30.320.098.996.162.400,"1,57%"
Finland,FIN,2018,27.329.570.055.007.900,"1,41%"
France,FRA,2018,32.380.664.348.602.200,"1,67%"
Georgia,GEO,2018,36.411.362.886.428.800,"1,88%"
Germany,DEU,2018,3.188.331.127.166.740,"0,16%"
Greece,GRC,2018,32.890.036.702.156.000,"1,70%"
Grenada,GRD,2018,438.164.085.149.765,"0,02%"
Guinea,GIN,2018,2.959.195.375.442.500,"0,15%"
Guinea-Bissau,GNB,2018,3.476.523.160.934.440,"0,18%"
Honduras,HND,2018,48.927.849.531.173.700,"2,53%"
Iceland,ISL,2018,26.565.009.355.545.000,"1,37%"
Indonesia,IDN,2018,36.338.645.219.802.800,"1,88%"
Iran,IRN,2018,3.741.990.625.858.300,"0,19%"
Ireland,IRL,2018,3.060.292.601.585.380,"0,16%"
Israel,ISR,2018,3.859.254.717.826.840,"0,20%"
Italy,ITA,2018,35.217.443.108.558.600,"1,82%"
Jamaica,JAM,2018,35.333.386.063.575.700,"1,83%"
Japan,JPN,2018,3.289.552.927.017.210,"0,17%"
Kazakhstan,KAZ,2018,27.792.873.978.614.800,"1,44%"
Kosovo,OWID_KOS,2018,44.592.931.866.645.800,"2,31%"
Kyrgyzstan,KGZ,2018,27.690.303.325.653.000,"1,43%"
Laos,LAO,2018,38.802.433.013.916.000,"2,01%"
Latvia,LVA,2018,35.095.706.582.069.300,"1,82%"
Lithuania,LTU,2018,35.705.330.967.903.100,"1,85%"
Luxembourg,LUX,2018,3.536.786.437.034.600,"0,18%"
Malaysia,MYS,2018,41.176.775.097.846.900,"2,13%"
Mali,MLI,2018,35.963.359.475.135.800,"1,86%"
Malta,MLT,2018,2.866.508.662.700.650,"0,15%"
Mexico,MEX,2018,4.595.489.203.929.900,"0,24%"
Moldova,MDA,2018,256.616.473.197.937,"0,01%"
Mongolia,MNG,2018,32.740.989.327.430.700,"1,69%"
Montenegro,MNE,2018,36.808.958.649.635.300,"1,90%"
Netherlands,NLD,2018,28.121.039.271.354.600,"1,45%"
Niger,NER,2018,3.725.942.373.275.750,"0,19%"
Nigeria,NGA,2018,3.512.774.407.863.610,"0,18%"
North Macedonia,MKD,2018,3.296.046.853.065.490,"0,17%"
Norway,NOR,2018,27.560.243.010.520.900,"1,43%"
Pakistan,PAK,2018,2.958.926.558.494.560,"0,15%"
Panama,PAN,2018,49.211.323.261.260.900,"2,55%"
Paraguay,PRY,2018,45.955.100.655.555.700,"2,38%"
Peru,PER,2018,42.365.559.935.569.700,"2,19%"
Philippines,PHL,2018,37.811.705.470.085.100,"1,96%"
Poland,POL,2018,3.021.489.977.836.600,"0,16%"
Portugal,PRT,2018,3.349.256.217.479.700,"0,17%"
Romania,ROU,2018,3.575.841.188.430.780,"0,18%"
Russia,RUS,2018,37.473.005.056.381.200,"1,94%"
Senegal,SEN,2018,38.314.783.573.150.600,"1,98%"
Serbia,SRB,2018,35.002.946.853.637.600,"1,81%"
Seychelles,SYC,2018,3.212.532.103.061.670,"0,17%"
Sierra Leone,SLE,2018,35.690.176.486.968.900,"1,85%"
Slovakia,SVK,2018,24.970.018.863.677.900,"1,29%"
Slovenia,SVN,2018,24.633.364.379.405.900,"1,27%"
South Korea,KOR,2018,33.726.051.449.775.600,"1,74%"
Spain,ESP,2018,34.716.325.998.306.200,"1,80%"
Sweden,SWE,2018,2.997.155.487.537.380,"0,16%"
Switzerland,CHE,2018,33.141.040.802.001.900,"1,71%"
Taiwan,TWN,2018,316.352.903.842.926,"0,02%"
Tanzania,TZA,2018,4.049.122.929.573.050,"0,21%"
Thailand,THA,2018,3.641.217.350.959.770,"0,19%"
Togo,TGO,2018,4.253.423.810.005.180,"0,22%"
Turkey,TUR,2018,4.244.142.472.743.980,"0,22%"
Ukraine,UKR,2018,2.607.148.587.703.700,"0,13%"
United Arab Emirates,ARE,2018,26.399.004.459.381.100,"1,37%"
United Kingdom,GBR,2018,33.691.054.582.595.800,"1,74%"
United States,USA,2018,4.178.423.285.484.310,"0,22%"
Uruguay,URY,2018,3.968.712.091.445.920,"0,21%"
Vietnam,VNM,2018,3.571.554.720.401.760,"0,18%"
Albania,ALB,2019,301.157.683.134.079,"0,02%"
Argentina (urban),-,2019,4.331.413.507.461.540,"0,22%"
Armenia,ARM,2019,3.003.121.316.432.950,"0,16%"
Austria,AUT,2019,3.021.051.585.674.280,"0,16%"
Belarus,BLR,2019,25.277.847.051.620.400,"1,31%"
Belgium,BEL,2019,2.721.955.478.191.370,"0,14%"
Bolivia,BOL,2019,41.644.158.959.388.700,"2,15%"
Brazil,BRA,2019,534.758.448.600.769,"0,03%"
Bulgaria,BGR,2019,4.027.111.828.327.170,"0,21%"
Canada,CAN,2019,31.750.577.688.217.100,"1,64%"
China,CHN,2019,38.168.343.901.634.200,"1,97%"
China (rural),-,2019,3.267.486.095.428.460,"0,17%"
China (urban),-,2019,3.705.255.687.236.780,"0,19%"
Colombia,COL,2019,5.250.016.450.881.950,"0,27%"
Costa Rica,CRI,2019,4.818.985.164.165.490,"0,25%"
Croatia,HRV,2019,2.890.828.251.838.680,"0,15%"
Cyprus,CYP,2019,3.122.324.049.472.800,"0,16%"
Czechia,CZE,2019,25.262.197.852.134.700,"1,31%"
Denmark,DNK,2019,27.723.315.358.161.900,"1,43%"
Dominican Republic,DOM,2019,41.917.237.639.427.100,"2,17%"
Ecuador,ECU,2019,45.710.039.138.793.900,"2,36%"
Egypt,EGY,2019,31.893.250.346.183.700,"1,65%"
El Salvador,SLV,2019,3.877.876.400.947.570,"0,20%"
Estonia,EST,2019,3.076.534.569.263.450,"0,16%"
Fiji,FJI,2019,30.706.867.575.645.400,"1,59%"
Finland,FIN,2019,27.737.125.754.356.300,"1,43%"
France,FRA,2019,31.199.565.529.823.300,"1,61%"
Georgia,GEO,2019,35.900.697.112.083.400,"1,86%"
Germany,DEU,2019,3.221.137.523.651.120,"0,17%"
Greece,GRC,2019,3.310.182.988.643.640,"0,17%"
Honduras,HND,2019,4.816.896.915.435.790,"0,25%"
Iceland,ISL,2019,26.802.557.706.832.800,"1,39%"
Indonesia,IDN,2019,35.359.862.446.784.900,"1,83%"
Iran,IRN,2019,36.482.253.670.692.400,"1,89%"
Ireland,IRL,2019,3.025.754.988.193.510,"0,16%"
Israel,ISR,2019,38.282.933.831.214.900,"1,98%"
Italy,ITA,2019,3.458.367.586.135.860,"0,18%"
Japan,JPN,2019,32.985.612.750.053.400,"1,71%"
Kazakhstan,KAZ,2019,27.968.281.507.492.000,"1,45%"
Kiribati,KIR,2019,27.832.701.802.253.700,"1,44%"
Kosovo,OWID_KOS,2019,4.020.540.416.240.690,"0,21%"
Kyrgyzstan,KGZ,2019,29.700.449.109.077.400,"1,54%"
Latvia,LVA,2019,3.448.910.713.195.800,"0,18%"
Lithuania,LTU,2019,35.251.349.210.739.100,"1,82%"
Luxembourg,LUX,2019,3.424.115.478.992.460,"0,18%"
Malawi,MWI,2019,3.854.273.557.662.960,"0,20%"
Maldives,MDV,2019,29.285.091.161.727.900,"1,51%"
Malta,MLT,2019,31.041.765.213.012.600,"1,61%"
Marshall Islands,MHL,2019,35.482.943.058.013.900,"1,84%"
Mauritania,MRT,2019,31.996.747.851.371.700,"1,65%"
Moldova,MDA,2019,2.601.664.662.361.140,"0,13%"
Montenegro,MNE,2019,35.665.395.855.903.600,"1,84%"
Mozambique,MOZ,2019,5.073.723.196.983.330,"0,26%"
Netherlands,NLD,2019,29.248.327.016.830.400,"1,51%"
North Macedonia,MKD,2019,3.350.583.016.872.400,"0,17%"
Norway,NOR,2019,27.741.843.461.990.300,"1,43%"
Panama,PAN,2019,4.983.735.978.603.360,"0,26%"
Paraguay,PRY,2019,4.565.063.714.981.070,"0,24%"
Peru,PER,2019,41.528.117.656.707.700,"2,15%"
Poland,POL,2019,2.876.017.689.704.890,"0,15%"
Portugal,PRT,2019,3.276.274.800.300.590,"0,17%"
Romania,ROU,2019,34.800.538.420.677.100,"1,80%"
Russia,RUS,2019,37.736.862.897.872.900,"1,95%"
Serbia,SRB,2019,344.751.238.822.937,"0,02%"
Slovakia,SVK,2019,23.232.324.421.405.700,"1,20%"
Slovenia,SVN,2019,24.384.231.865.406.000,"1,26%"
South Korea,KOR,2019,3.319.763.243.198.390,"0,17%"
Spain,ESP,2019,34.303.712.844.848.600,"1,77%"
Sri Lanka,LKA,2019,3.766.377.568.244.930,"0,19%"
Sweden,SWE,2019,29.304.632.544.517.500,"1,52%"
Switzerland,CHE,2019,33.998.340.368.270.800,"1,76%"
Taiwan,TWN,2019,3.119.300.305.843.350,"0,16%"
Thailand,THA,2019,3.485.572.338.104.240,"0,18%"
Turkey,TUR,2019,4.383.380.115.032.190,"0,23%"
Uganda,UGA,2019,4.270.217.716.693.870,"0,22%"
Ukraine,UKR,2019,2.661.946.713.924.400,"0,14%"
United Kingdom,GBR,2019,32.825.273.275.375.300,"1,70%"
United States,USA,2019,41.902.995.109.558.100,"2,17%"
Uruguay,URY,2019,3.967.631.459.236.140,"0,21%"
Vanuatu,VUT,2019,3.231.757.581.233.970,"0,17%"
Zimbabwe,ZWE,2019,5.025.644.898.414.610,"0,26%"
Albania,ALB,2020,29.419.630.765.914.900,"1,52%"
Argentina (urban),-,2020,42.743.685.841.560.300,"2,21%"
Armenia,ARM,2020,25.131.604.075.431.800,"1,30%"
Australia,AUS,2020,338.300.496.339.798,"0,02%"
Austria,AUT,2020,29.800.698.161.125.100,"1,54%"
Belarus,BLR,2020,24.383.355.677.127.800,"1,26%"
Belgium,BEL,2020,2.595.827.877.521.510,"0,13%"
Bolivia,BOL,2020,4.364.292.025.566.100,"0,23%"
Brazil,BRA,2020,4.882.206.320.762.630,"0,25%"
Bulgaria,BGR,2020,4.052.315.354.347.220,"0,21%"
Burundi,BDI,2020,3.745.608.627.796.170,"0,19%"
Canada,CAN,2020,29.852.667.450.904.800,"1,54%"
Chile,CHL,2020,47.004.908.323.287.900,"2,43%"
China,CHN,2020,37.090.831.995.010.300,"1,92%"
China (rural),-,2020,31.574.252.247.810.300,"1,63%"
China (urban),-,2020,36.667.653.918.266.200,"1,90%"
Colombia,COL,2020,5.443.286.895.751.950,"0,28%"
Comoros,COM,2020,3.418.397.307.395.930,"0,18%"
Costa Rica,CRI,2020,49.245.044.589.042.600,"2,55%"
Croatia,HRV,2020,29.543.304.443.359.300,"1,53%"
Cyprus,CYP,2020,3.172.794.282.436.370,"0,16%"
Czechia,CZE,2020,26.245.132.088.661.100,"1,36%"
Democratic Republic of Congo,COD,2020,44.673.240.184.783.900,"2,31%"
Denmark,DNK,2020,2.750.393.748.283.380,"0,14%"
Dominican Republic,DOM,2020,3.962.867.259.979.240,"0,20%"
Ecuador,ECU,2020,47.309.672.832.489.000,"2,45%"
Estonia,EST,2020,30.737.072.229.385.300,"1,59%"
Finland,FIN,2020,27.091.044.187.545.700,"1,40%"
France,FRA,2020,3.066.146.969.795.220,"0,16%"
Gambia,GMB,2020,3.875.720.500.946.040,"0,20%"
Georgia,GEO,2020,34.464.970.231.056.200,"1,78%"
Germany,DEU,2020,3.250.107.765.197.750,"0,17%"
Greece,GRC,2020,3.355.811.536.312.100,"0,17%"
Indonesia,IDN,2020,35.335.615.277.290.300,"1,83%"
Iran,IRN,2020,35.842.931.270.599.300,"1,85%"
Ireland,IRL,2020,29.228.150.844.573.900,"1,51%"
Israel,ISR,2020,3.777.430.057.525.630,"0,20%"
Italy,ITA,2020,35.240.980.982.780.400,"1,82%"
Japan,JPN,2020,32.340.070.605.278.000,"1,67%"
Kazakhstan,KAZ,2020,28.683.918.714.523.300,"1,48%"
Kenya,KEN,2020,36.246.457.695.961,"0,00%"
Kosovo,OWID_KOS,2020,5.741.402.506.828.300,"0,30%"
Kyrgyzstan,KGZ,2020,2.898.927.330.970.760,"0,15%"
Latvia,LVA,2020,35.703.951.120.376.500,"1,85%"
Lithuania,LTU,2020,35.956.642.031.669.600,"1,86%"
Luxembourg,LUX,2020,333.736.389.875.412,"0,02%"
Malta,MLT,2020,3.140.377.998.352.050,"0,16%"
Mexico,MEX,2020,44.594.305.753.707.800,"2,31%"
Moldova,MDA,2020,2.504.570.484.161.370,"0,13%"
Montenegro,MNE,2020,35.412.296.652.793.800,"1,83%"
Netherlands,NLD,2020,25.994.211.435.317.900,"1,34%"
Norway,NOR,2020,28.392.884.135.246.200,"1,47%"
Paraguay,PRY,2020,43.481.943.011.283.800,"2,25%"
Peru,PER,2020,43.739.810.585.975.600,"2,26%"
Poland,POL,2020,2.846.260.070.800.780,"0,15%"
Portugal,PRT,2020,34.668.630.361.557.000,"1,79%"
Romania,ROU,2020,34.570.205.211.639.400,"1,79%"
Russia,RUS,2020,3.606.824.278.831.480,"0,19%"
Serbia,SRB,2020,34.950.870.275.497.400,"1,81%"
Slovakia,SVK,2020,2.421.942.502.260.200,"0,13%"
Slovenia,SVN,2020,2.403.152.883.052.820,"0,12%"
South Korea,KOR,2020,3.270.993.232.727.050,"0,17%"
Spain,ESP,2020,3.486.364.185.810.080,"0,18%"
Sweden,SWE,2020,2.887.060.344.219.200,"0,15%"
Switzerland,CHE,2020,3.373.792.767.524.710,"0,17%"
Taiwan,TWN,2020,31.232.452.392.578.100,"1,62%"
Thailand,THA,2020,3.498.581.647.872.920,"0,18%"
Turkey,TUR,2020,43.045.011.162.757.800,"2,23%"
Ukraine,UKR,2020,25.627.362.728.118.800,"1,33%"
United Kingdom,GBR,2020,3.265.194.594.860.070,"0,17%"
United States,USA,2020,4.000.265.896.320.340,"0,21%"
Uruguay,URY,2020,40.155.625.343.322.700,"2,08%"
Vietnam,VNM,2020,36.790.165.305.137.600,"1,90%"
Argentina (urban),-,2021,4.244.556.128.978.720,"0,22%"
Armenia,ARM,2021,2.794.013.023.376.460,"0,14%"
Austria,AUT,2021,3.070.168.197.154.990,"0,16%"
Belgium,BEL,2021,2.657.763.361.930.840,"0,14%"
Benin,BEN,2021,3.439.580.798.149.100,"0,18%"
Bolivia,BOL,2021,40.913.382.172.584.500,"2,12%"
Bosnia and Herzegovina,BIH,2021,3.031.010.031.700.130,"0,16%"
Brazil,BRA,2021,5.285.088.419.914.240,"0,27%"
Bulgaria,BGR,2021,39.005.446.434.020.900,"2,02%"
Burkina Faso,BFA,2021,37.391.287.088.394.100,"1,93%"
Cameroon,CMR,2021,4.217.607.378.959.650,"0,22%"
Canada,CAN,2021,3.111.538.589.000.700,"0,16%"
Central African Republic,CAF,2021,4.303.445.816.040.030,"0,22%"
China,CHN,2021,35.743.752.121.925.300,"1,85%"
China (rural),-,2021,3.040.403.723.716.730,"0,16%"
China (urban),-,2021,35.652.607.679.367.000,"1,84%"
Colombia,COL,2021,5.511.702.299.118.040,"0,29%"
Costa Rica,CRI,2021,4.867.802.858.352.660,"0,25%"
Cote d'Ivoire,CIV,2021,3.527.536.392.211.910,"0,18%"
Croatia,HRV,2021,28.895.947.337.150.500,"1,49%"
Cyprus,CYP,2021,3.125.177.025.794.980,"0,16%"
Czechia,CZE,2021,2.620.210.349.559.780,"0,14%"
Denmark,DNK,2021,28.323.492.407.798.700,"1,46%"
Dominican Republic,DOM,2021,38.529.354.333.877.500,"1,99%"
Ecuador,ECU,2021,45.797.622.203.826.900,"2,37%"
Egypt,EGY,2021,2.848.203.778.266.900,"0,15%"
El Salvador,SLV,2021,39.010.632.038.116.400,"2,02%"
Estonia,EST,2021,31.833.958.625.793.400,"1,65%"
Ethiopia,ETH,2021,31.141.793.727.874.700,"1,61%"
Finland,FIN,2021,2.770.850.658.416.740,"0,14%"
France,FRA,2021,31.500.956.416.130.000,"1,63%"
Georgia,GEO,2021,34.178.444.743.156.400,"1,77%"
Germany,DEU,2021,33.575.233.817.100.500,"1,74%"
Greece,GRC,2021,3.293.948.471.546.170,"0,17%"
Guinea-Bissau,GNB,2021,33.435.067.534.446.700,"1,73%"
Indonesia,IDN,2021,35.504.764.318.466.100,"1,84%"
Iran,IRN,2021,35.468.730.330.467.200,"1,83%"
Ireland,IRL,2021,293.718.546.628.952,"0,02%"
Israel,ISR,2021,378.947.377.204.895,"0,02%"
Italy,ITA,2021,3.484.465.181.827.540,"0,18%"
Jamaica,JAM,2021,39.874.473.214.149.400,"2,06%"
Kazakhstan,KAZ,2021,29.191.532.731.056.200,"1,51%"
Kenya,KEN,2021,38.701.963.424.682.600,"2,00%"
Kosovo,OWID_KOS,2021,49.384.617.805.480.900,"2,55%"
Kyrgyzstan,KGZ,2021,2.879.330.515.861.510,"0,15%"
Latvia,LVA,2021,3.425.582.945.346.830,"0,18%"
Lithuania,LTU,2021,3.665.640.950.202.940,"0,19%"
Luxembourg,LUX,2021,3.271.903.395.652.770,"0,17%"
Madagascar,MDG,2021,3.681.921.064.853.660,"0,19%"
Malaysia,MYS,2021,4.066.842.794.418.330,"0,21%"
Mali,MLI,2021,356.535.941.362.381,"0,02%"
Malta,MLT,2021,3.156.505.525.112.150,"0,16%"
Moldova,MDA,2021,25.731.638.073.921.200,"1,33%"
Montenegro,MNE,2021,34.296.974.539.756.700,"1,77%"
Netherlands,NLD,2021,25.743.868.947.029.100,"1,33%"
Niger,NER,2021,3.286.256.492.137.900,"0,17%"
Norway,NOR,2021,29.089.125.990.867.600,"1,50%"
Panama,PAN,2021,5.085.777.640.342.710,"0,26%"
Paraguay,PRY,2021,4.290.512.204.170.220,"0,22%"
Peru,PER,2021,4.012.180.268.764.490,"0,21%"
Philippines,PHL,2021,37.268.465.757.369.900,"1,93%"
Poland,POL,2021,28.479.504.585.266.100,"1,47%"
Portugal,PRT,2021,3.459.201.753.139.490,"0,18%"
Romania,ROU,2021,33.852.648.735.046.300,"1,75%"
Senegal,SEN,2021,36.157.721.281.051.600,"1,87%"
Serbia,SRB,2021,33.128.881.454.467.700,"1,71%"
Slovakia,SVK,2021,2.411.022.037.267.680,"0,12%"
Slovenia,SVN,2021,2.428.227.961.063.380,"0,13%"
South Korea,KOR,2021,3.290.764.093.399.040,"0,17%"
Spain,ESP,2021,33.885.911.107.063.200,"1,75%"
Sweden,SWE,2021,2.976.534.366.607.660,"0,15%"
Switzerland,CHE,2021,33.824.312.686.920.100,"1,75%"
Taiwan,TWN,2021,3.156.758.248.806,"0,00%"
Tajikistan,TJK,2021,323.790.967.464.447,"0,02%"
Thailand,THA,2021,34.923.872.351.646.400,"1,81%"
Togo,TGO,2021,3.785.800.635.814.660,"0,20%"
Tonga,TON,2021,2.709.576.487.541.190,"0,14%"
Tunisia,TUN,2021,3.371.642.529.964.440,"0,17%"
Turkey,TUR,2021,4.436.482.787.132.260,"0,23%"
United Kingdom,GBR,2021,32.415.762.543.678.200,"1,68%"
United States,USA,2021,3.971.271.812.915.800,"0,21%"
Uruguay,URY,2021,4.077.686.071.395.870,"0,21%"
Uzbekistan,UZB,2021,3.289.114.236.831.660,"0,17%"
Argentina (urban),-,2022,4.073.646.068.572.990,"0,21%"
Armenia,ARM,2022,27.945.294.976.234.400,"1,45%"
Austria,AUT,2022,30.892.929.434.776.300,"1,60%"
Bangladesh,BGD,2022,30.930.253.863.334.600,"1,60%"
Belgium,BEL,2022,26.375.555.992.126.400,"1,36%"
Bhutan,BTN,2022,2.845.352.292.060.850,"0,15%"
Bolivia,BOL,2022,41.208.377.480.506.800,"2,13%"
Brazil,BRA,2022,5.189.443.826.675.410,"0,27%"
Bulgaria,BGR,2022,38.201.501.965.522.700,"1,98%"
Canada,CAN,2022,31.495.213.508.605.900,"1,63%"
Chad,TCD,2022,3.735.768.496.990.200,"0,19%"
Chile,CHL,2022,4.323.556.125.164.030,"0,22%"
China,CHN,2022,360.195.130.109.787,"0,02%"
China (rural),-,2022,31.691.938.638.687.100,"1,64%"
China (urban),-,2022,35.928.812.623.023.900,"1,86%"
Colombia,COL,2022,5.481.858.253.479.000,"0,28%"
Costa Rica,CRI,2022,47.151.297.330.856.300,"2,44%"
Croatia,HRV,2022,30.017.322.301.864.600,"1,55%"
Cyprus,CYP,2022,3.153.407.573.699.950,"0,16%"
Czechia,CZE,2022,25.870.388.746.261.500,"1,34%"
Denmark,DNK,2022,2.925.940.155.982.970,"0,15%"
Dominican Republic,DOM,2022,36.979.401.111.602.700,"1,91%"
Ecuador,ECU,2022,45.465.120.673.179.600,"2,35%"
El Salvador,SLV,2022,38.752.999.901.771.500,"2,00%"
Equatorial Guinea,GNQ,2022,3.854.236.304.759.970,"0,20%"
Estonia,EST,2022,3.225.240.409.374.230,"0,17%"
Finland,FIN,2022,27.925.923.466.682.400,"1,44%"
France,FRA,2022,31.236.910.820.007.300,"1,62%"
Georgia,GEO,2022,33.500.024.676.322.900,"1,73%"
Germany,DEU,2022,33.659.249.544.143.600,"1,74%"
Greece,GRC,2022,33.373.600.244.522.000,"1,73%"
India,IND,2022,2.551.499.605.178.830,"0,13%"
Indonesia,IDN,2022,35.512.030.124.664.300,"1,84%"
Iran,IRN,2022,3.480.343.818.664.550,"0,18%"
Ireland,IRL,2022,29.912.030.696.868.800,"1,55%"
Israel,ISR,2022,38.306.573.033.332.800,"1,98%"
Italy,ITA,2022,33.651.527.762.413.000,"1,74%"
Kenya,KEN,2022,3.853.287.398.815.150,"0,20%"
Kosovo,OWID_KOS,2022,383.056.640.625,"0,00%"
Kyrgyzstan,KGZ,2022,2.635.252.773.761.740,"0,14%"
Latvia,LVA,2022,33.675.846.457.481.300,"1,74%"
Lebanon,LBN,2022,35.479.527.711.868.200,"1,83%"
Lithuania,LTU,2022,3.656.238.913.536.070,"0,19%"
Luxembourg,LUX,2022,34.093.987.941.741.900,"1,76%"
Malta,MLT,2022,34.587.275.981.903.000,"1,79%"
Mexico,MEX,2022,4.345.400.631.427.760,"0,22%"
Moldova,MDA,2022,2.586.444.616.317.740,"0,13%"
Mongolia,MNG,2022,31.416.475.772.857.600,"1,62%"
Mozambique,MOZ,2022,4.955.713.450.908.660,"0,26%"
Nepal,NPL,2022,3.002.026.379.108.420,"0,16%"
Nigeria,NGA,2022,33.894.869.685.173.000,"1,75%"
Norway,NOR,2022,269.462.525.844.574,"0,01%"
Paraguay,PRY,2022,44.591.671.228.408.800,"2,31%"
Peru,PER,2022,4.034.915.864.467.620,"0,21%"
Poland,POL,2022,28.858.184.814.453.100,"1,49%"
Portugal,PRT,2022,36.252.203.583.717.300,"1,87%"
Romania,ROU,2022,32.303.035.259.246.800,"1,67%"
Serbia,SRB,2022,3.280.288.875.102.990,"0,17%"
Slovakia,SVK,2022,2.407.892.644.405.360,"0,12%"
Slovenia,SVN,2022,24.305.064.976.215.300,"1,26%"
South Africa,ZAF,2022,5.405.394.434.928.890,"0,28%"
Spain,ESP,2022,33.579.421.043.395.900,"1,74%"
Suriname,SUR,2022,3.917.989.730.834.960,"0,20%"
Sweden,SWE,2022,3.160.836.100.578.300,"0,16%"
Switzerland,CHE,2022,33.795.177.936.553.900,"1,75%"
Syria,SYR,2022,2.637.496.292.591.090,"0,14%"
Tajikistan,TJK,2022,39.492.398.500.442.500,"2,04%"
Thailand,THA,2022,34.297.075.867.652.800,"1,77%"
Turkey,TUR,2022,4.446.767.568.588.250,"0,23%"
United States,USA,2022,4.170.035.421.848.290,"0,22%"
Uruguay,URY,2022,40.551.695.227.622.900,"2,10%"
Uzbekistan,UZB,2022,3.118.482.828.140.250,"0,16%"
Vietnam,VNM,2022,36.093.005.537.986.700,"1,87%"
Zambia,ZMB,2022,5.148.494.839.668.270,"0,27%"
Argentina (urban),-,2023,4.239.097.535.610.190,"0,22%"
Armenia,ARM,2023,27.154.651.284.217.800,"1,40%"
Austria,AUT,2023,3.120.467.960.834.500,"0,16%"
Belgium,BEL,2023,26.823.103.427.886.900,"1,39%"
Bolivia,BOL,2023,42.050.114.274.024.900,"2,17%"
Brazil,BRA,2023,5.148.624.181.747.430,"0,27%"
Bulgaria,BGR,2023,3.947.053.551.673.880,"0,20%"
Colombia,COL,2023,5.457.971.096.038.810,"0,28%"
Costa Rica,CRI,2023,46.729.329.228.401.100,"2,42%"
Croatia,HRV,2023,3.010.595.738.887.780,"0,16%"
Cyprus,CYP,2023,31.838.399.171.829.200,"1,65%"
Czechia,CZE,2023,25.713.998.079.299.900,"1,33%"
Denmark,DNK,2023,29.924.848.675.727.800,"1,55%"
Dominican Republic,DOM,2023,38.397.565.484.046.900,"1,99%"
Ecuador,ECU,2023,44.579.553.604.125.900,"2,31%"
El Salvador,SLV,2023,398.023.784.160.614,"0,02%"
Estonia,EST,2023,30.707.377.195.358.200,"1,59%"
Finland,FIN,2023,27.399.832.010.269.100,"1,42%"
France,FRA,2023,31.809.309.124.946.500,"1,65%"
Georgia,GEO,2023,34.756.895.899.772.600,"1,80%"
Greece,GRC,2023,3.343.870.937.824.240,"0,17%"
Guatemala,GTM,2023,4.521.268.308.162.680,"0,23%"
Honduras,HND,2023,4.682.682.752.609.250,"0,24%"
Indonesia,IDN,2023,3.605.703.115.463.250,"0,19%"
Iran,IRN,2023,3.588.479.459.285.730,"0,19%"
Iraq,IRQ,2023,2.977.394.163.608.550,"0,15%"
Ireland,IRL,2023,2.897.247.076.034.540,"0,15%"
Italy,ITA,2023,3.434.462.249.279.020,"0,18%"
Kiribati,KIR,2023,2.473.715.990.781.780,"0,13%"
Kyrgyzstan,KGZ,2023,27.188.020.944.595.300,"1,41%"
Latvia,LVA,2023,3.397.468.030.452.720,"0,18%"
Lithuania,LTU,2023,3.596.165.180.206.290,"0,19%"
Luxembourg,LUX,2023,33.591.464.161.872.800,"1,74%"
Malta,MLT,2023,31.779.900.193.214.400,"1,64%"
Moldova,MDA,2023,26.764.753.460.884.000,"1,38%"
Norway,NOR,2023,26.530.811.190.605.100,"1,37%"
Palestine,PSE,2023,3.638.187.646.865.840,"0,19%"
Panama,PAN,2023,4.887.566.566.467.280,"0,25%"
Paraguay,PRY,2023,4.417.574.405.670.160,"0,23%"
Peru,PER,2023,40.657.839.179.039,"0,00%"
Philippines,PHL,2023,35.203.486.680.984.400,"1,82%"
Poland,POL,2023,28.466.787.934.303.200,"1,47%"
Portugal,PRT,2023,33.851.566.910.743.700,"1,75%"
Romania,ROU,2023,2.982.894.480.228.420,"0,15%"
Rwanda,RWA,2023,3.936.444.818.973.540,"0,20%"
Serbia,SRB,2023,3.281.523.287.296.290,"0,17%"
Slovakia,SVK,2023,23.817.715.048.789.900,"1,23%"
Slovenia,SVN,2023,24.681.958.556.175.200,"1,28%"
Spain,ESP,2023,3.340.793.550.014.490,"0,17%"
Sweden,SWE,2023,29.278.329.014.778.100,"1,51%"
Tajikistan,TJK,2023,38.034.558.296.203.600,"1,97%"
Thailand,THA,2023,33.494.889.736.175.500,"1,73%"
Turkey,TUR,2023,43.675.822.019.577.000,"2,26%"
United States,USA,2023,4.182.046.055.793.760,"0,22%"
Uruguay,URY,2023,4.086.753.726.005.550,"0,21%"
Uzbekistan,UZB,2023,345.387.727.022.171,"0,02%"
Argentina (urban),-,2024,423.533.171.415.329,"0,02%"
Armenia,ARM,2024,27.444.806.694.984.400,"1,42%"
Bolivia,BOL,2024,40.868.324.041.366.500,"2,11%"
Brazil,BRA,2024,5.025.812.387.466.430,"0,26%"
Chile,CHL,2024,43.023.034.930.229.100,"2,23%"
Colombia,COL,2024,5.437.782.406.806.940,"0,28%"
Comoros,COM,2024,30.312.690.138.816.800,"1,57%"
Costa Rica,CRI,2024,4.582.914.113.998.410,"0,24%"
Dominican Republic,DOM,2024,3.897.125.720.977.780,"0,20%"
Ecuador,ECU,2024,45.195.475.220.680.200,"2,34%"
Georgia,GEO,2024,3.385.380.506.515.500,"0,18%"
Honduras,HND,2024,4.567.611.813.545.220,"0,24%"
Indonesia,IDN,2024,34.894.394.874.572.700,"1,80%"
Kyrgyzstan,KGZ,2024,275.456.964.969.635,"0,01%"
Laos,LAO,2024,34.746.497.869.491.500,"1,80%"
Mexico,MEX,2024,4.262.915.849.685.660,"0,22%"
Pakistan,PAK,2024,3.353.632.092.475.890,"0,17%"
Panama,PAN,2024,49.733.543.395.996.000,"2,57%"
Paraguay,PRY,2024,4.424.533.545.970.910,"0,23%"
Peru,PER,2024,4.012.586.176.395.410,"0,21%"
Tajikistan,TJK,2024,36.108.002.066.612.200,"1,87%"
Thailand,THA,2024,3.331.878.185.272.210,"0,17%"
United States,USA,2024,4.176.252.782.344.810,"0,22%"
Uruguay,URY,2024,39.984.145.760.536.100,"2,07%"
Uzbekistan,UZB,2024,34.563.419.222.831.700,"1,79%"
Costa Rica,CRI,2025,4.545.671.343.803.400,"0,24%"
Ecuador,ECU,2025,45.920.056.104.660.000,"2,37%"
Indonesia,IDN,2025,34.434.688.091.278.000,"1,78%"
Uzbekistan,UZB,2025,32.656.991.481.781.000,"1,69%"